Species,ID,Model,Num_1,Num_0,Prevalence,Use,P_0,SD_0,P_1,SD_1,Crit_P1,Crit_Ave,Crit_1SD,Crit_2SD,Crit_P0,WA_SHAP,Slope_SHAP,Elev_SHAP,IWI_SHAP,BMMI_SHAP
Acantharchus pomotis,1,1,194,1812,0.097,Y,0.082,0.091,0.244,0.134,0.244,0.163,0.11,0.082,0.082,0.412337611,0.48888696,0.835136914,0.095242394,0.088061052
Acipenser fulvescens,3,2,45,11991,0.004,N,0.003,0.014,0.222,0.17,0.222,0.112,0.052,0.003,0.003,1.732103947,0.716777929,0.407387693,0.232088425,0.12476114
Alosa aestivalis,10,3,65,3870,0.017,N,0.013,0.035,0.233,0.166,0.233,0.123,0.067,0.013,0.013,0.86294635,1.024484854,0.392060052,0.110659182,0.188451454
Alosa chrysochloris,12,4,148,5335,0.027,N,0.013,0.044,0.537,0.351,0.537,0.275,0.186,0.013,0.013,2.203644591,0.100264514,0.308491604,0.203225794,0.106856897
Alosa pseudoharengus,14,5,78,10442,0.007,N,0.006,0.022,0.19,0.236,0.19,0.098,0.006,0.006,0.006,0.870634691,0.496741994,0.697468241,0.126005356,0.114456233
Alosa sapidissima,15,6,96,5736,0.016,N,0.013,0.038,0.228,0.196,0.228,0.121,0.033,0.013,0.013,1.270784278,0.389194321,0.383549621,0.132031605,0.227183054
Ambloplites ariommus,16,7,232,1320,0.149,Y,0.128,0.079,0.273,0.143,0.273,0.2,0.13,0.128,0.128,0.60163199,0.088428954,0.29987563,0.133180189,0.070812133
Ambloplites cavifrons,17,8,26,300,0.08,Y,0.055,0.065,0.359,0.232,0.353,0.204,0.123,0.056,0.056,0.858522186,0.201144109,0.343318361,0.106788689,0.046820783
Ambloplites constellatus,18,9,44,142,0.237,Y,0.132,0.106,0.566,0.252,0.566,0.349,0.313,0.132,0.132,0.727419082,0.345608768,0.734487268,0.168529731,0.056832259
Ambloplites rupestris,19,10,5719,24716,0.188,Y,0.134,0.142,0.423,0.204,0.423,0.278,0.219,0.134,0.134,0.974635579,0.444813326,0.363125935,0.181620819,0.180318557
Ameiurus brunneus,22,11,432,2675,0.139,Y,0.11,0.11,0.316,0.144,0.316,0.213,0.172,0.11,0.11,0.53364036,0.417151448,0.991144871,0.124189204,0.086915051
Ameiurus catus,23,12,272,7427,0.035,Y,0.025,0.055,0.308,0.242,0.308,0.167,0.066,0.025,0.025,0.882664653,0.753731579,0.661375733,0.114137877,0.144704915
Ameiurus melas,24,13,1453,20379,0.067,Y,0.059,0.054,0.172,0.125,0.172,0.115,0.059,0.059,0.059,0.30965995,0.622268068,0.40150604,0.191186525,0.171502025
Ameiurus natalis,25,14,3505,28581,0.109,Y,0.094,0.093,0.239,0.147,0.239,0.166,0.094,0.094,0.094,0.42417708,0.449521568,0.75546779,0.124751278,0.120687994
Ameiurus nebulosus,26,15,1733,29071,0.056,Y,0.051,0.044,0.154,0.153,0.154,0.102,0.051,0.051,0.051,0.427422297,0.232872548,0.48869381,0.162968358,0.121264229
Ameiurus platycephalus,27,16,401,3201,0.111,Y,0.078,0.117,0.375,0.174,0.375,0.226,0.202,0.078,0.078,1.26084223,0.532801856,0.925589252,0.206353331,0.11078729
Amia calva,29,17,564,16054,0.034,Y,0.023,0.053,0.348,0.303,0.348,0.185,0.045,0.023,0.023,0.591743339,1.217713332,1.143190637,0.18163207,0.145671412
Ammocrypta beani,30,18,42,454,0.085,Y,0.062,0.067,0.331,0.179,0.331,0.196,0.152,0.062,0.062,0.684745253,0.093305104,0.405665299,0.48745524,0.25278297
Ammocrypta bifascia,31,19,28,185,0.131,Y,0.108,0.079,0.278,0.107,0.278,0.193,0.172,0.108,0.108,0.557020205,0.37971024,0.036434592,0.105862917,0.278588804
Ammocrypta pellucida,34,20,49,2577,0.019,N,0.012,0.039,0.379,0.21,0.379,0.195,0.169,0.012,0.012,1.517931971,0.735307837,0.429101014,0.183466384,0.156142701
Ammocrypta vivax,35,21,35,959,0.035,Y,0.032,0.028,0.133,0.068,0.133,0.082,0.065,0.032,0.032,0.481557406,0.370729844,0.37310139,0.080735204,0.198809008
Anchoa mitchilli,38,22,51,330,0.134,Y,0.068,0.112,0.537,0.198,0.537,0.302,0.339,0.141,0.068,0.645950427,1.450373498,0.706273586,0.200013426,0.133235668
Anguilla rostrata,39,23,1856,18357,0.092,Y,0.057,0.091,0.433,0.253,0.433,0.245,0.18,0.057,0.057,0.654597181,0.64490784,1.62209228,0.432516559,0.20705038
Aphredoderus sayanus,41,24,1602,7701,0.172,Y,0.109,0.16,0.474,0.2,0.474,0.291,0.273,0.109,0.109,0.287789873,0.402567339,1.947014726,0.174544243,0.188359897
Aplodinotus grunniens,42,25,1239,17417,0.066,Y,0.042,0.087,0.406,0.272,0.406,0.224,0.134,0.042,0.042,1.603484065,0.647626079,0.526378167,0.160183533,0.081587127
Astyanax mexicanus,47,26,39,439,0.082,Y,0.041,0.067,0.532,0.231,0.532,0.287,0.301,0.071,0.041,1.395470992,0.312910218,0.560349158,0.120910166,0.338180836
Atractosteus spatula,48,27,223,3067,0.068,Y,0.052,0.066,0.289,0.198,0.289,0.17,0.091,0.052,0.052,0.380470619,0.426447879,0.802362529,0.206466803,0.208486878
Campostoma anomalum,51,28,6372,21484,0.229,Y,0.179,0.122,0.397,0.169,0.397,0.288,0.228,0.179,0.179,0.479767985,0.392233535,0.310891524,0.178565473,0.126681301
Campostoma oligolepis,52,29,1666,10455,0.137,Y,0.105,0.1,0.341,0.185,0.341,0.223,0.157,0.105,0.105,0.623983342,0.210655902,0.659607935,0.369702486,0.244137645
Campostoma pauciradii,54,30,134,463,0.224,Y,0.159,0.121,0.449,0.202,0.449,0.304,0.246,0.159,0.159,0.258617099,0.141993072,0.455628449,0.439334644,0.26914106
Campostoma spadiceum,55,31,129,370,0.259,Y,0.194,0.137,0.443,0.154,0.443,0.318,0.289,0.194,0.194,0.472041,0.321382605,0.487107928,0.513497392,0.282051431
Carassius auratus,56,32,152,14587,0.01,N,0.009,0.016,0.124,0.169,0.124,0.066,0.009,0.009,0.009,0.527960974,0.262072419,0.60121479,0.195967798,0.097070901
Carpiodes carpio,57,33,640,12548,0.049,Y,0.031,0.072,0.382,0.282,0.382,0.207,0.1,0.031,0.031,1.52611699,1.00096452,0.341026146,0.138109032,0.275961031
Carpiodes cyprinus,58,34,621,21181,0.028,N,0.021,0.055,0.283,0.204,0.283,0.152,0.079,0.021,0.021,1.730633463,0.601384266,0.377036909,0.143066289,0.106947882
Carpiodes velifer,61,35,111,10585,0.01,N,0.008,0.029,0.204,0.147,0.204,0.106,0.057,0.008,0.008,2.051163605,0.260431368,0.169926709,0.088952702,0.085707904
Catostomus ardens,62,36,35,582,0.057,Y,0.041,0.07,0.317,0.192,0.317,0.179,0.125,0.041,0.041,0.870576777,0.051097143,0.321779382,0.09533338,0.063019549
Catostomus catostomus,64,37,300,6848,0.042,Y,0.034,0.063,0.223,0.162,0.223,0.128,0.061,0.034,0.034,0.493377707,0.268192655,1.157140053,0.145740838,0.104123003
Catostomus clarkii,65,38,27,35,0.435,Y,0.333,0.125,0.572,0.121,0.572,0.453,0.451,0.333,0.333,0.153090225,0.090388084,0.130945487,0.05981315,0
Catostomus columbianus,66,39,46,207,0.182,Y,0.104,0.122,0.529,0.19,0.529,0.317,0.339,0.149,0.104,0.971262453,0.524825454,0.370402901,0.169084492,0.212615395
Catostomus commersonii,67,40,14907,18477,0.447,Y,0.32,0.221,0.604,0.164,0.604,0.462,0.44,0.32,0.32,0.50232809,0.420881756,0.519985731,0.1248059,0.116699518
Catostomus discobolus,68,41,60,912,0.062,Y,0.043,0.056,0.326,0.252,0.326,0.185,0.074,0.043,0.043,0.897820585,0.141549381,0.407298743,0.140590154,0.079008738
Catostomus latipinnis,71,42,95,637,0.13,Y,0.069,0.119,0.532,0.23,0.532,0.301,0.302,0.072,0.069,0.578388861,1.190641512,0.60115691,0.261017368,0.06666932
Catostomus macrocheilus,72,43,101,232,0.303,Y,0.13,0.146,0.699,0.264,0.699,0.415,0.435,0.171,0.13,0.989170227,0.823421077,0.235767027,0.189601998,0.209020203
Catostomus occidentalis,74,44,60,94,0.39,Y,0.212,0.185,0.667,0.187,0.667,0.439,0.48,0.293,0.212,0.824613988,0.493845627,0.124339916,0.128008255,0.106033932
Catostomus platyrhynchus,75,45,327,1979,0.142,Y,0.104,0.107,0.361,0.165,0.361,0.233,0.196,0.104,0.104,0.411582043,0.570384933,0.749270931,0.310920159,0.097855235
Centrarchus macropterus,86,46,353,3541,0.091,Y,0.075,0.089,0.244,0.156,0.244,0.159,0.087,0.075,0.075,0.161228395,0.427599576,0.913025991,0.102554256,0.086782924
Chrosomus cumberlandensis,96,47,82,580,0.124,Y,0.066,0.106,0.52,0.214,0.52,0.293,0.306,0.092,0.066,1.236122064,0.662458538,0.233603428,0.131452619,0.208674569
Chrosomus eos,97,48,1064,12155,0.08,Y,0.065,0.073,0.255,0.177,0.255,0.16,0.078,0.065,0.065,0.536075241,0.36226741,0.661482041,0.289176532,0.152678125
Chrosomus erythrogaster,98,49,1009,10896,0.085,Y,0.065,0.066,0.292,0.162,0.292,0.179,0.13,0.065,0.065,0.65941015,0.465615265,0.495106358,0.162219739,0.122290728
Chrosomus neogaeus,99,50,316,7925,0.038,Y,0.032,0.053,0.2,0.161,0.2,0.116,0.039,0.032,0.032,0.734570517,0.39699799,0.739243842,0.253474135,0.124333513
Chrosomus oreas,100,51,284,1859,0.133,Y,0.076,0.098,0.495,0.21,0.495,0.286,0.284,0.076,0.076,0.692145828,0.815986852,0.718264937,0.371538249,0.228657772
Clarias batrachus,107,52,35,44,0.443,Y,0.217,0.197,0.728,0.134,0.728,0.472,0.594,0.46,0.217,0.507279252,0.063811908,0.374865407,0.341650935,0.146584269
Clinostomus elongatus,109,53,1100,12816,0.079,Y,0.058,0.081,0.326,0.183,0.326,0.192,0.142,0.058,0.058,0.786637339,0.500428278,0.891423603,0.230217656,0.195654407
Clinostomus funduloides,110,54,1385,6073,0.186,Y,0.136,0.124,0.404,0.189,0.404,0.27,0.215,0.136,0.136,0.631592715,0.466136034,0.520702569,0.224861243,0.253243505
Cottus aleuticus,127,55,34,155,0.18,Y,0.157,0.067,0.283,0.107,0.283,0.22,0.176,0.157,0.157,0.185333825,0.085066769,0.451078613,0.267147789,0.051974287
Cottus asper,128,56,72,368,0.164,Y,0.127,0.104,0.335,0.154,0.335,0.231,0.181,0.127,0.127,0.347166221,0.535819385,0.215131124,0.051083839,0.154911723
Cottus bairdii,131,57,5218,20071,0.206,Y,0.15,0.121,0.422,0.178,0.422,0.286,0.244,0.15,0.15,0.482653045,0.388659629,0.577119982,0.221936495,0.161196749
Cottus beldingii,132,58,56,386,0.127,Y,0.115,0.037,0.186,0.054,0.186,0.15,0.132,0.115,0.115,0.55236311,0.300719296,0.127534066,0.215989912,0.124066158
Cottus caeruleomentum,134,59,207,1052,0.164,Y,0.126,0.098,0.355,0.172,0.355,0.24,0.183,0.126,0.126,0.276753684,0.29288565,0.410838698,0.1159078,0.102376323
Cottus carolinae,135,60,1352,4793,0.22,Y,0.157,0.158,0.444,0.184,0.444,0.301,0.26,0.157,0.157,0.503317432,0.504281183,1.117300547,0.138153189,0.178760816
Cottus chattahoochee,136,61,907,3245,0.218,Y,0.137,0.147,0.51,0.19,0.51,0.323,0.32,0.137,0.137,0.482572296,0.27695011,1.109857232,0.289238074,0.2468423
Cottus cognatus,137,62,1572,15385,0.093,Y,0.056,0.076,0.454,0.264,0.454,0.255,0.189,0.056,0.056,0.627406373,0.806628248,0.465477421,0.339712779,0.234876628
Cottus confusus,138,63,52,256,0.169,Y,0.099,0.093,0.509,0.219,0.509,0.304,0.289,0.099,0.099,0.478245929,0.072527488,0.264079752,0.24717867,0.129625407
Cottus girardi,141,64,95,993,0.087,Y,0.055,0.077,0.425,0.232,0.425,0.24,0.193,0.055,0.055,0.37710944,0.224747932,0.916282322,0.483339027,0.508207262
Cottus gulosus,143,65,41,204,0.167,Y,0.115,0.091,0.412,0.163,0.412,0.264,0.249,0.115,0.115,0.468118395,0.332970405,0.17663108,0.196513046,0.093772701
Cottus perplexus,151,66,118,75,0.611,Y,0.45,0.176,0.718,0.147,0.718,0.584,0.571,0.45,0.45,0.083128794,0.168567384,0.49732482,0.220979784,0.201482341
Cottus rhotheus,154,67,93,202,0.315,Y,0.227,0.137,0.503,0.164,0.503,0.365,0.339,0.227,0.227,0.324678563,0.21585505,0.697117102,0.209414918,0.218296051
Cottus tallapoosae,162,68,25,14,0.641,Y,0.497,0.121,0.735,0.064,0.735,0.616,0.671,0.607,0.497,0.033179422,0.011315714,0.022512528,0.027477329,0.037895412
Couesius plumbeus,164,69,65,4522,0.014,N,0.011,0.027,0.229,0.154,0.229,0.12,0.074,0.011,0.011,0.267945757,0.451214085,1.271388748,0.364457585,0.281779657
Ctenopharyngodon idella,173,70,85,9017,0.009,N,0.008,0.021,0.162,0.19,0.162,0.085,0.008,0.008,0.008,0.56379308,0.912231997,0.300737227,0.131202628,0.057452817
Culaea inconstans,174,71,3961,12738,0.237,Y,0.166,0.163,0.467,0.19,0.467,0.316,0.277,0.166,0.166,0.823582899,0.495716598,0.716536504,0.178378388,0.154074099
Cycleptus elongatus,175,72,84,8048,0.01,N,0.007,0.029,0.381,0.246,0.381,0.194,0.135,0.007,0.007,2.017865039,0.505179315,0.230408099,0.119642364,0.128307545
Cyprinella analostana,178,73,580,8600,0.063,Y,0.048,0.077,0.296,0.209,0.296,0.172,0.087,0.048,0.048,0.541594543,0.864232787,0.92352781,0.215607641,0.226546638
Cyprinella callisema,180,74,40,289,0.122,Y,0.093,0.068,0.324,0.18,0.324,0.209,0.144,0.093,0.093,0.72640762,0.092102402,0.358588083,0.098682916,0.316969665
Cyprinella callistia,181,75,248,385,0.392,Y,0.265,0.173,0.589,0.19,0.589,0.427,0.4,0.265,0.265,0.773596552,0.328710566,0.558996775,0.140898717,0.130991084
Cyprinella camura,183,76,49,816,0.057,Y,0.047,0.032,0.2,0.14,0.2,0.124,0.06,0.047,0.047,0.22827123,0.235168222,0.372445447,0.118507495,0.130098768
Cyprinella chloristia,184,77,94,321,0.227,Y,0.138,0.157,0.531,0.192,0.531,0.334,0.339,0.147,0.138,0.831632814,0.339776516,0.859826633,0.172649927,0.086161749
Cyprinella galactura,186,78,556,4143,0.118,Y,0.079,0.11,0.408,0.191,0.408,0.244,0.217,0.079,0.079,1.184556819,0.545817903,0.513338723,0.134140492,0.204312165
Cyprinella gibbsi,187,79,29,47,0.382,Y,0.171,0.166,0.727,0.174,0.727,0.449,0.553,0.379,0.171,0.046725253,0.084580342,0.891764181,0.081390972,0.455598384
Cyprinella labrosa,188,80,25,613,0.039,Y,0.026,0.051,0.351,0.214,0.351,0.188,0.136,0.026,0.026,0.97583729,0.279500353,0.511968337,0.072201655,0.021845182
Cyprinella leedsi,189,81,28,676,0.04,Y,0.017,0.05,0.569,0.269,0.569,0.293,0.3,0.031,0.017,0.544671683,0.054171435,1.011946417,0.146097072,0.147658026
Cyprinella lutrensis,191,82,1188,4000,0.229,Y,0.132,0.148,0.556,0.263,0.556,0.344,0.293,0.132,0.132,0.793948405,0.883245807,0.741012293,0.196882908,0.268966896
Cyprinella nivea,192,83,68,1119,0.057,Y,0.042,0.057,0.294,0.189,0.294,0.168,0.105,0.042,0.042,0.999913918,0.211025167,0.576436611,0.272995929,0.298129565
Cyprinella pyrrhomelas,194,84,80,605,0.117,Y,0.08,0.106,0.39,0.204,0.39,0.235,0.186,0.08,0.08,1.181365673,0.45407162,0.730277248,0.133022424,0.19339654
Cyprinella spiloptera,196,85,2063,25470,0.075,Y,0.055,0.08,0.321,0.224,0.321,0.188,0.097,0.055,0.055,0.925989595,0.510785982,0.711566863,0.174079206,0.183399945
Cyprinella trichroistia,197,86,150,373,0.287,Y,0.185,0.153,0.541,0.233,0.541,0.363,0.309,0.185,0.185,0.659312519,0.482794815,0.873135242,0.133256717,0.154628825
Cyprinella venusta,198,87,993,2276,0.304,Y,0.227,0.158,0.478,0.174,0.478,0.353,0.304,0.227,0.227,0.76782982,0.177602888,0.348957941,0.23932785,0.110133841
Cyprinella venusta cercostigma,199,88,57,205,0.218,Y,0.075,0.137,0.732,0.197,0.732,0.403,0.535,0.338,0.075,0.822086304,0.237717098,1.118069874,0.088952761,0.358500305
Cyprinella whipplei,200,89,356,4958,0.067,Y,0.054,0.068,0.248,0.189,0.248,0.151,0.059,0.054,0.054,0.981778645,0.141638209,0.570362282,0.195552612,0.153796893
Cyprinella zanema,202,90,27,434,0.059,Y,0.032,0.049,0.445,0.252,0.445,0.239,0.193,0.032,0.032,0.615448223,0.110370857,0.655513975,0.15213854,0.267905851
Cyprinodon rubrofluviatilis,213,91,85,170,0.333,Y,0.164,0.176,0.672,0.209,0.672,0.418,0.463,0.254,0.164,0.420944701,0.47253709,0.936729055,0.303406683,0.064393998
Cyprinus carpio,217,92,3283,31234,0.095,Y,0.067,0.099,0.365,0.239,0.365,0.216,0.126,0.067,0.067,1.005107119,0.806331652,0.416027891,0.200173453,0.152701298
Dorosoma cepedianum,227,93,1859,25097,0.069,Y,0.045,0.084,0.389,0.283,0.389,0.217,0.105,0.045,0.045,1.263964525,0.770554628,0.583860246,0.215768915,0.130814971
Dorosoma petenense,228,94,384,7583,0.048,Y,0.03,0.071,0.418,0.295,0.418,0.224,0.124,0.03,0.03,1.206064887,1.01415536,0.392768095,0.120453526,0.335946007
Elassoma zonatum,236,95,205,2778,0.069,Y,0.064,0.045,0.124,0.062,0.124,0.094,0.064,0.064,0.064,0.181804267,0.112629675,0.596276977,0.065379183,0.095868832
Enneacanthus gloriosus,242,96,388,5681,0.064,Y,0.039,0.087,0.426,0.253,0.426,0.233,0.173,0.039,0.039,0.203633153,0.788887519,1.366305264,0.25075639,0.138569448
Enneacanthus obesus,243,97,39,2336,0.016,N,0.011,0.026,0.291,0.219,0.291,0.151,0.072,0.011,0.011,0.463124357,0.491288051,1.491976071,0.272549559,0.42186576
Erimystax dissimilis,253,98,160,3629,0.042,Y,0.03,0.065,0.327,0.171,0.327,0.178,0.156,0.03,0.03,1.613550717,0.27024003,0.201704553,0.223671689,0.240037179
Erimystax insignis,255,99,61,2556,0.023,N,0.018,0.037,0.228,0.176,0.228,0.123,0.052,0.018,0.018,0.8945505,0.472819036,0.373087099,0.188424262,0.145616382
Erimystax x-punctatus,256,100,34,2718,0.012,N,0.008,0.033,0.365,0.2,0.365,0.186,0.165,0.008,0.008,1.523057218,0.671332074,0.628403079,0.100091556,0.219689669
Erimyzon oblongus,258,101,1347,12715,0.096,Y,0.07,0.106,0.34,0.204,0.34,0.205,0.136,0.07,0.07,0.556267984,0.509060323,1.172041591,0.111054522,0.202432532
Erimyzon sucetta,259,102,220,5971,0.036,Y,0.02,0.049,0.451,0.335,0.451,0.235,0.115,0.02,0.02,0.190375708,0.248798525,1.596069812,0.285034661,0.102620587
Erimyzon tenuis,260,103,32,442,0.068,Y,0.057,0.038,0.206,0.2,0.206,0.132,0.057,0.057,0.057,0.242559467,0.09576513,0.517866051,0.281254754,0.173914473
Esox americanus americanus,261,104,1583,16894,0.086,Y,0.065,0.098,0.307,0.211,0.307,0.186,0.097,0.065,0.065,0.287874121,0.448309782,1.252138609,0.194570425,0.135798946
Esox americanus vermiculatus,262,105,194,3128,0.058,Y,0.043,0.058,0.321,0.253,0.321,0.182,0.068,0.043,0.043,0.236545286,0.658618949,0.945115792,0.15552963,0.119507881
Esox lucius,263,106,1858,19039,0.089,Y,0.066,0.092,0.32,0.204,0.32,0.193,0.116,0.066,0.066,0.588791494,1.043153604,0.547689856,0.239016377,0.174181083
Esox masquinongy,265,107,362,18528,0.019,N,0.016,0.037,0.195,0.158,0.195,0.106,0.037,0.016,0.016,1.460254249,0.594022986,0.365047955,0.123520873,0.183451836
Esox niger,266,108,1398,14310,0.089,Y,0.065,0.082,0.333,0.262,0.333,0.199,0.071,0.065,0.065,0.332545853,0.522881818,0.697517639,0.166448775,0.184846457
Etheostoma artesiae,270,109,84,694,0.108,Y,0.081,0.075,0.319,0.151,0.319,0.2,0.168,0.081,0.081,0.525365037,0.307038256,0.626513715,0.346597709,0.224401125
Etheostoma asprigene,271,110,51,5515,0.009,N,0.008,0.017,0.116,0.157,0.116,0.062,0.008,0.008,0.008,0.335798911,0.347059163,0.458356778,0.12282053,0.079655235
Etheostoma atripinne,272,111,96,1039,0.085,Y,0.067,0.073,0.264,0.149,0.264,0.166,0.115,0.067,0.067,0.407625592,0.215915356,0.692766951,0.187649286,0.295150102
Etheostoma baileyi,273,112,179,697,0.204,Y,0.175,0.099,0.313,0.135,0.313,0.244,0.178,0.175,0.175,0.505473257,0.14851459,0.34441926,0.270295625,0.169544852
Etheostoma barrenense,275,113,31,152,0.169,Y,0.092,0.117,0.534,0.154,0.534,0.313,0.38,0.226,0.092,0.155535277,0.113582752,1.024511812,0.066380608,0.208073661
Etheostoma bellum,278,114,76,91,0.455,Y,0.317,0.145,0.634,0.188,0.634,0.475,0.445,0.317,0.317,0.265164204,0.136190246,0.639990438,0.157288753,0.205504134
Etheostoma blennioides,280,115,2588,12078,0.176,Y,0.123,0.133,0.427,0.201,0.427,0.275,0.225,0.123,0.123,0.66111134,0.740291137,0.58221687,0.187870608,0.158496507
Etheostoma blennius,281,116,55,567,0.088,Y,0.069,0.062,0.285,0.183,0.285,0.177,0.102,0.069,0.069,0.437571364,0.208501849,0.330180475,0.133895139,0.075518951
Etheostoma caeruleum,285,117,2771,12927,0.177,Y,0.128,0.114,0.401,0.2,0.401,0.265,0.201,0.128,0.128,0.688563002,0.312495228,0.49295281,0.223211571,0.207234353
Etheostoma camurum,286,118,136,4280,0.031,Y,0.021,0.047,0.334,0.201,0.334,0.177,0.132,0.021,0.021,1.373977887,0.245510713,0.744328788,0.312077233,0.232855049
Etheostoma chlorobranchium,290,119,78,1885,0.04,Y,0.023,0.059,0.435,0.222,0.435,0.229,0.213,0.023,0.023,1.689710533,0.227362335,0.315561276,0.226285113,0.186863145
Etheostoma chlorosoma,291,120,168,5901,0.028,N,0.024,0.039,0.135,0.13,0.135,0.08,0.024,0.024,0.024,0.185058738,0.177006074,1.040254232,0.074144746,0.054248703
Etheostoma cinereum,293,121,38,837,0.043,Y,0.029,0.048,0.336,0.192,0.336,0.183,0.144,0.029,0.029,0.631850362,0.113810473,1.239480553,0.208161783,0.380248494
Etheostoma collettei,294,122,41,230,0.151,Y,0.127,0.073,0.284,0.115,0.284,0.206,0.169,0.127,0.127,0.243777562,0.090953696,0.476972678,0.077302586,0.10366775
Etheostoma collis,295,123,36,618,0.055,Y,0.047,0.047,0.193,0.099,0.193,0.12,0.094,0.047,0.047,0.221551854,0.367348157,0.928197325,0.106358598,0.114366896
Etheostoma colorosum,296,124,85,117,0.421,Y,0.306,0.159,0.583,0.154,0.583,0.445,0.429,0.306,0.306,0.459869081,0.146523048,0.189864002,0.202353168,0.069991589
Etheostoma coosae,297,125,140,446,0.239,Y,0.13,0.141,0.581,0.22,0.581,0.356,0.362,0.142,0.13,0.601299872,0.457732335,0.83311775,0.665932612,0.438797327
Etheostoma crossopterum,300,126,42,732,0.054,Y,0.047,0.036,0.171,0.074,0.171,0.109,0.096,0.047,0.047,0.656651291,0.186764558,0.374551578,0.281128824,0.327246832
Etheostoma davisoni,301,127,39,149,0.207,Y,0.164,0.1,0.368,0.131,0.368,0.266,0.237,0.164,0.164,0.035997298,0.358195791,0.610319967,0.37113949,0.06204897
Etheostoma duryi,306,128,103,977,0.095,Y,0.071,0.081,0.325,0.193,0.325,0.198,0.132,0.071,0.071,0.484898387,0.236500051,0.855544625,0.352352764,0.136289434
Etheostoma edwini,307,129,75,454,0.142,Y,0.123,0.076,0.254,0.081,0.254,0.188,0.173,0.123,0.123,0.14975322,0.175024273,0.756552117,0.102512505,0.106116343
Etheostoma exile,312,130,374,13146,0.028,N,0.025,0.023,0.105,0.095,0.105,0.065,0.025,0.025,0.025,0.223543126,0.712503762,0.343610929,0.296099268,0.197674217
Etheostoma flabellare,313,131,5320,19613,0.213,Y,0.169,0.118,0.378,0.162,0.378,0.273,0.216,0.169,0.169,0.563140447,0.377267486,0.274763091,0.203891634,0.158285334
Etheostoma flabellare brevispina,314,132,149,463,0.243,Y,0.13,0.171,0.596,0.198,0.596,0.363,0.398,0.2,0.13,1.275041016,0.467251885,0.604000462,0.175930084,0.150894466
Etheostoma flavum,315,133,116,406,0.222,Y,0.168,0.121,0.415,0.156,0.415,0.291,0.26,0.168,0.168,0.411724948,0.18145014,0.371701042,0.264884776,0.251471046
Etheostoma forbesi,317,134,586,4639,0.112,Y,0.088,0.095,0.306,0.15,0.306,0.197,0.156,0.088,0.088,0.852980014,0.383970018,0.407938875,0.144024919,0.144346635
Etheostoma fusiforme,320,135,164,3918,0.04,Y,0.028,0.054,0.307,0.229,0.307,0.168,0.078,0.028,0.028,0.227484051,0.485083665,1.290440729,0.259028878,0.172336135
Etheostoma gracile,321,136,265,1782,0.129,Y,0.109,0.093,0.268,0.15,0.268,0.188,0.118,0.109,0.109,0.195592688,0.177522987,0.74127765,0.067453188,0.12015695
Etheostoma histrio,324,137,75,1506,0.047,Y,0.041,0.044,0.166,0.12,0.166,0.104,0.047,0.041,0.041,0.88826457,0.155915766,0.344136896,0.190837855,0.096685689
Etheostoma hopkinsi,325,138,85,455,0.157,Y,0.105,0.13,0.433,0.163,0.433,0.269,0.271,0.108,0.105,1.122655435,0.327975306,0.593437743,0.111707103,0.118140772
Etheostoma inscriptum,326,139,80,394,0.169,Y,0.098,0.124,0.502,0.185,0.502,0.3,0.317,0.131,0.098,1.051207399,0.327527188,0.493555352,0.068008189,0.141438812
Etheostoma jessiae,327,140,58,2264,0.025,N,0.019,0.042,0.264,0.179,0.264,0.141,0.085,0.019,0.019,0.368945714,0.779207299,0.93426979,0.08352562,0.118000899
Etheostoma jordani,329,141,55,427,0.114,Y,0.084,0.087,0.34,0.172,0.34,0.212,0.168,0.084,0.084,0.814253288,0.39095898,0.392677405,0.078723155,0.168980419
Etheostoma kanawhae,331,142,28,285,0.089,Y,0.057,0.081,0.409,0.197,0.409,0.233,0.213,0.057,0.057,1.329346652,0.227714651,0.154709813,0.16135346,0.207054215
Etheostoma kennicotti,333,143,235,2575,0.084,Y,0.061,0.08,0.338,0.222,0.338,0.199,0.116,0.061,0.061,0.475921636,0.14742615,1.226584316,0.290562426,0.312424742
Etheostoma lawrencei,335,144,95,799,0.106,Y,0.083,0.072,0.291,0.137,0.291,0.187,0.154,0.083,0.083,0.232057056,0.143148487,0.966743429,0.111156019,0.176416459
Etheostoma longimanum,338,145,29,128,0.185,Y,0.052,0.084,0.748,0.157,0.748,0.4,0.591,0.435,0.052,1.47615773,0.397649555,0.656472839,0.460000665,0.221695999
Etheostoma lynceum,340,146,31,521,0.056,Y,0.045,0.045,0.231,0.129,0.231,0.138,0.102,0.045,0.045,0.464246829,0.167892038,0.184306585,0.156222056,0.107067455
Etheostoma microperca,346,147,39,6878,0.006,N,0.004,0.012,0.185,0.169,0.185,0.095,0.016,0.004,0.004,0.244408608,0.305917268,0.4511128,0.15075241,0.087394318
Etheostoma nigripinne,351,148,54,444,0.108,Y,0.075,0.077,0.387,0.203,0.387,0.231,0.184,0.075,0.075,0.615755106,0.190576253,0.184464659,0.20458588,0.143215819
Etheostoma nigrum,352,149,6224,16902,0.269,Y,0.2,0.155,0.459,0.17,0.459,0.329,0.288,0.2,0.2,0.337989099,0.673231048,0.41097306,0.172471539,0.152046354
Etheostoma obeyense,354,150,74,267,0.217,Y,0.1,0.108,0.633,0.211,0.633,0.366,0.421,0.21,0.1,0.793439483,0.363339469,0.935014883,0.36711412,0.596447632
Etheostoma olmstedi,358,151,3593,9089,0.283,Y,0.196,0.172,0.506,0.195,0.506,0.351,0.311,0.196,0.196,0.428078261,0.504049413,0.696755656,0.200519969,0.160219074
Etheostoma oophylax,359,152,85,259,0.247,Y,0.198,0.126,0.404,0.144,0.404,0.301,0.26,0.198,0.198,0.457723113,0.27264753,0.327856933,0.146714738,0.066692994
Etheostoma parvipinne,363,153,50,1762,0.028,N,0.025,0.021,0.103,0.08,0.1,0.062,0.025,0.025,0.025,0.361086694,0.305150492,0.594819477,0.094598806,0.111105463
Etheostoma podostemone,368,154,46,203,0.185,Y,0.069,0.108,0.7,0.204,0.7,0.385,0.496,0.292,0.069,0.65152379,0.485410088,0.772877413,0.181218597,0.654174092
Etheostoma proeliare,369,155,71,1330,0.051,Y,0.046,0.032,0.125,0.107,0.125,0.086,0.047,0.047,0.047,0.251873463,0.260168364,0.451201247,0.142252764,0.159175299
Etheostoma punctulatum,371,156,66,217,0.233,Y,0.194,0.092,0.363,0.113,0.363,0.279,0.251,0.194,0.194,0.245272575,0.195228213,0.339349634,0.087819568,0.020364289
Etheostoma radiosum,373,157,195,302,0.392,Y,0.278,0.175,0.563,0.161,0.563,0.42,0.401,0.278,0.278,0.231382247,0.229165354,0.219913367,0.58638097,0.025326493
Etheostoma rafinesquei,374,158,67,100,0.401,Y,0.303,0.13,0.545,0.142,0.545,0.424,0.404,0.303,0.303,0.10895764,0.274777362,0.052720362,0.123503131,0.286279441
Etheostoma ramseyi,375,159,43,118,0.267,Y,0.182,0.146,0.494,0.139,0.494,0.338,0.354,0.215,0.182,0.130871843,0.13089447,0.852192699,0.213739914,0.15989499
Etheostoma rufilineatum,378,160,373,3652,0.093,Y,0.064,0.092,0.371,0.192,0.371,0.217,0.179,0.064,0.064,0.998225156,0.891109377,0.772940601,0.218386434,0.184276066
Etheostoma rupestre,379,161,28,503,0.053,Y,0.039,0.063,0.3,0.184,0.3,0.169,0.116,0.039,0.039,1.143067335,0.16215448,1.235806151,0.385124258,0.139693723
Etheostoma sagitta,380,162,155,516,0.231,Y,0.181,0.133,0.4,0.15,0.4,0.29,0.25,0.181,0.181,0.452224169,0.474985933,0.5773462,0.191284839,0.232275471
Etheostoma sanguifluum,381,163,51,420,0.108,Y,0.069,0.087,0.428,0.241,0.428,0.248,0.187,0.069,0.069,1.082474334,0.116184194,0.34353558,0.363154026,0.230747238
Etheostoma serrifer,384,164,83,766,0.098,Y,0.078,0.084,0.275,0.171,0.275,0.177,0.104,0.078,0.078,0.494699942,0.303190913,1.090406844,0.267874026,0.267755958
Etheostoma simoterum,385,165,334,3463,0.088,Y,0.056,0.08,0.413,0.184,0.413,0.235,0.229,0.056,0.056,0.521832664,1.069420384,0.739787464,0.268749004,0.298414006
Etheostoma spectabile,397,166,671,2500,0.212,Y,0.169,0.112,0.367,0.161,0.367,0.268,0.206,0.169,0.169,0.330058059,0.307642532,0.336661542,0.226184696,0.347874112
Etheostoma squamiceps,399,167,134,518,0.206,Y,0.139,0.139,0.451,0.17,0.451,0.295,0.281,0.139,0.139,0.415067641,0.424838718,1.146407878,0.340433672,0.274350678
Etheostoma stigmaeum,400,168,422,2388,0.15,Y,0.126,0.095,0.289,0.137,0.289,0.208,0.152,0.126,0.126,0.631385835,0.22394525,0.427882047,0.208297672,0.190671894
Etheostoma swaini,403,169,182,997,0.154,Y,0.129,0.084,0.294,0.146,0.294,0.212,0.148,0.129,0.129,0.354522771,0.267845646,0.340175536,0.235840841,0.114593802
Etheostoma swannanoa,404,170,82,1603,0.049,Y,0.026,0.067,0.487,0.216,0.487,0.256,0.271,0.055,0.026,1.636080913,0.36356978,0.374477337,0.212342244,0.311190674
Etheostoma tallapoosae,405,171,29,10,0.744,Y,0.645,0.062,0.786,0.052,0.786,0.716,0.734,0.682,0.645,0.038600091,0.016346871,0.063994028,0.104436899,0.066057192
Etheostoma thalassinum,409,172,73,275,0.21,Y,0.131,0.14,0.501,0.176,0.501,0.316,0.325,0.149,0.131,0.679444738,0.667027033,0.568745461,0.227137902,0.058690566
Etheostoma tippecanoe,410,173,25,1862,0.013,N,0.007,0.031,0.438,0.216,0.438,0.223,0.222,0.007,0.007,1.783475386,0.28201774,0.431225826,0.200413709,0.175165512
Etheostoma variatum,414,174,272,3311,0.076,Y,0.047,0.078,0.42,0.242,0.42,0.234,0.177,0.047,0.047,1.362883165,0.30986534,0.390338402,0.256152731,0.207065165
Etheostoma virgatum,415,175,97,643,0.131,Y,0.068,0.102,0.542,0.217,0.542,0.305,0.325,0.107,0.068,0.498992262,0.508567296,1.67185764,0.368924047,0.539014457
Etheostoma vitreum,416,176,102,682,0.13,Y,0.081,0.106,0.456,0.212,0.456,0.269,0.244,0.081,0.081,1.441848258,0.27967209,0.568079919,0.126428654,0.170324947
Etheostoma whipplei,419,177,158,606,0.207,Y,0.164,0.1,0.37,0.174,0.37,0.267,0.196,0.164,0.164,0.286820062,0.17771271,0.28008579,0.324577316,0.089486059
Etheostoma zonale,420,178,1396,18034,0.072,Y,0.055,0.08,0.288,0.183,0.288,0.172,0.105,0.055,0.055,1.348215626,0.241090979,0.376636032,0.173907957,0.17537982
Etheostoma zonistium,422,179,44,363,0.108,Y,0.063,0.092,0.48,0.216,0.48,0.271,0.264,0.063,0.063,0.347845878,0.096324823,1.165593126,0.474812186,0.371868131
Exoglossum laurae,424,180,100,2105,0.045,Y,0.035,0.051,0.272,0.187,0.272,0.153,0.084,0.035,0.035,0.522997759,0.804368367,0.58689317,0.222421054,0.228859463
Exoglossum maxillingua,425,181,2565,8457,0.233,Y,0.138,0.148,0.543,0.215,0.543,0.341,0.328,0.138,0.138,0.950495531,0.389853088,0.670096112,0.190615069,0.156065174
Fundulus blairae,429,182,27,547,0.047,Y,0.036,0.045,0.245,0.17,0.245,0.141,0.075,0.036,0.036,0.431817719,0.17339075,0.691339043,0.253154512,0.257596176
Fundulus catenatus,430,183,497,3014,0.142,Y,0.118,0.102,0.286,0.131,0.286,0.202,0.154,0.118,0.118,0.461316138,0.232150839,0.810666434,0.222009648,0.160119444
Fundulus chrysotus,431,184,102,1149,0.082,Y,0.056,0.074,0.362,0.259,0.362,0.209,0.103,0.056,0.056,0.419613162,0.369739858,1.103103669,0.181372032,0.210148864
Fundulus diaphanus,433,185,443,13713,0.031,Y,0.024,0.048,0.249,0.197,0.249,0.137,0.052,0.024,0.024,0.505669573,0.452635151,1.060205022,0.231929784,0.173743998
Fundulus heteroclitus,438,186,35,2490,0.014,N,0.011,0.023,0.184,0.144,0.184,0.098,0.04,0.011,0.011,0.10249941,0.515756148,0.947831469,0.28926902,0.075863417
Fundulus kansae,441,187,26,203,0.114,Y,0.099,0.061,0.222,0.08,0.222,0.16,0.142,0.099,0.099,0.538420651,0.081241108,0.310493187,0.106747106,0.008482471
Fundulus lineolatus,442,188,33,1254,0.026,N,0.022,0.019,0.142,0.088,0.086,0.055,0.028,0.024,0.024,0.296014101,0.138983969,0.459842868,0.146343495,0.128561664
Fundulus notatus,444,189,651,6209,0.095,Y,0.077,0.081,0.257,0.145,0.257,0.167,0.112,0.077,0.077,0.431104874,0.232606176,0.824614608,0.169031429,0.279299952
Fundulus olivaceus,446,190,1127,3293,0.255,Y,0.19,0.155,0.443,0.192,0.443,0.317,0.251,0.19,0.19,0.386970622,0.127204506,0.897784763,0.136840696,0.11540302
Fundulus rathbuni,448,191,123,662,0.157,Y,0.107,0.129,0.423,0.159,0.423,0.265,0.264,0.107,0.107,0.199013298,0.359854412,1.564481075,0.07967026,0.170372575
Fundulus seminolis,451,192,80,100,0.444,Y,0.213,0.167,0.73,0.188,0.73,0.471,0.542,0.354,0.213,0.404432881,0.129740557,0.599541286,0.470727292,0.11397726
Fundulus stellifer,452,193,100,532,0.158,Y,0.116,0.107,0.375,0.182,0.375,0.246,0.193,0.116,0.116,0.306373964,0.181090385,0.807597822,0.117062864,0.29330852
Fundulus zebrinus,454,194,286,1651,0.148,Y,0.082,0.129,0.521,0.213,0.521,0.301,0.307,0.094,0.082,0.833102544,1.089927389,1.847238103,0.336892653,0.103685328
Gambusia affinis,455,195,2163,8376,0.205,Y,0.152,0.135,0.413,0.209,0.413,0.282,0.204,0.152,0.152,0.303055073,1.118231588,0.459823353,0.170195688,0.394642308
Gambusia holbrooki,462,196,543,4464,0.108,Y,0.087,0.108,0.29,0.168,0.29,0.188,0.122,0.087,0.087,0.32757757,0.746997059,1.080058807,0.16685211,0.216229247
Gasterosteus aculeatus,466,197,67,3468,0.019,N,0.017,0.018,0.13,0.112,0.061,0.04,0.018,0.018,0.018,0.225564456,0.210077351,0.259647689,0.530309407,0.332641692
Gila atraria,467,198,28,754,0.036,Y,0.026,0.054,0.289,0.183,0.289,0.158,0.106,0.026,0.026,0.849714395,0.181140431,0.577395128,0.151541366,0.276376248
Gila robusta,479,199,42,730,0.054,Y,0.034,0.065,0.401,0.211,0.401,0.217,0.19,0.034,0.034,0.844359521,0.487399263,0.690500153,0.150816519,0.148702123
Herichthys cyanoguttatum,485,200,58,115,0.335,Y,0.124,0.148,0.754,0.238,0.754,0.439,0.516,0.278,0.124,0.268151887,0.642259133,1.259950757,0.164245978,0.12518596
Hesperoleucus symmetricus,486,201,26,106,0.197,Y,0.15,0.115,0.39,0.112,0.39,0.27,0.278,0.166,0.15,0.272665549,0.251453137,0.9672717,0.150811179,0.200548374
Heterandria formosa,487,202,59,582,0.092,Y,0.062,0.092,0.383,0.184,0.383,0.223,0.198,0.062,0.062,0.18163176,0.309774978,1.612350025,0.174897669,0.368504349
Hiodon alosoides,488,203,137,5977,0.022,N,0.011,0.041,0.538,0.353,0.538,0.274,0.185,0.011,0.011,2.060210967,0.520108248,0.685774044,0.24428593,0.167517633
Hiodon tergisus,489,204,152,11094,0.014,N,0.01,0.034,0.248,0.211,0.248,0.129,0.037,0.01,0.01,2.500614014,0.095778388,0.239855303,0.089295447,0.045428727
Hybognathus argyritis,492,205,28,541,0.049,Y,0.041,0.046,0.19,0.14,0.19,0.115,0.05,0.041,0.041,0.356518636,0.188060651,0.533672702,0.118698916,0.115495828
Hybognathus hankinsoni,493,206,744,13363,0.053,Y,0.048,0.045,0.147,0.091,0.147,0.097,0.056,0.048,0.048,0.245398994,0.775704511,0.410000347,0.199916135,0.127291805
Hybognathus nuchalis,495,207,167,7036,0.023,N,0.018,0.043,0.232,0.211,0.232,0.125,0.021,0.018,0.018,0.987449105,0.1956185,0.951740231,0.15977151,0.166605215
Hybognathus placitus,496,208,194,1433,0.119,Y,0.071,0.105,0.471,0.26,0.471,0.271,0.211,0.071,0.071,0.775773963,0.711149765,1.09996568,0.260330057,0.078546633
Hybognathus regius,497,209,207,7350,0.027,N,0.023,0.038,0.163,0.162,0.163,0.093,0.023,0.023,0.023,0.432169506,0.874977434,0.695650147,0.098257915,0.078836111
Hybopsis amblops,498,210,480,6632,0.067,Y,0.055,0.068,0.246,0.157,0.246,0.15,0.089,0.055,0.055,0.72359132,0.51926199,0.548417296,0.20594141,0.183589704
Hybopsis amnis,499,211,27,5108,0.005,N,0.004,0.016,0.162,0.155,0.162,0.083,0.007,0.004,0.004,0.739644436,0.058040439,0.544362991,0.144172153,0.049269679
Hybopsis hypsinotus,500,212,170,824,0.171,Y,0.094,0.143,0.537,0.209,0.537,0.316,0.328,0.119,0.094,0.902552241,0.458698951,1.078265566,0.176602272,0.076240358
Hybopsis lineapunctata,501,213,30,416,0.067,Y,0.044,0.061,0.381,0.211,0.381,0.213,0.17,0.044,0.044,0.297826163,0.120081915,0.621161313,0.125300191,1.048658044
Hybopsis rubrifrons,502,214,115,578,0.166,Y,0.114,0.129,0.423,0.162,0.423,0.269,0.261,0.114,0.114,1.158306739,0.145770887,0.591573898,0.214123307,0.096840103
Hybopsis winchelli,504,215,199,945,0.174,Y,0.14,0.106,0.336,0.161,0.336,0.238,0.174,0.14,0.14,0.480393597,0.117100117,0.449183237,0.093722007,0.158413519
Hypentelium etowanum,505,216,497,375,0.57,Y,0.348,0.226,0.738,0.183,0.738,0.543,0.555,0.371,0.348,0.503670384,0.258601237,0.915955896,0.221393774,0.088397918
Hypentelium nigricans,506,217,6053,22101,0.215,Y,0.154,0.139,0.439,0.197,0.439,0.296,0.242,0.154,0.154,0.820349112,0.356708629,0.369283154,0.199410185,0.164426153
Hypentelium roanokense,507,218,55,306,0.152,Y,0.098,0.111,0.447,0.166,0.447,0.272,0.281,0.116,0.098,0.365328314,0.670780495,0.826424798,0.165995687,0.143490146
Hypophthalmichthys molitrix,511,219,92,2032,0.043,Y,0.02,0.062,0.558,0.301,0.558,0.289,0.257,0.02,0.02,2.137177026,0.123460134,0.69951566,0.223881064,0.184249665
Ichthyomyzon bdellium,515,220,89,5333,0.016,N,0.014,0.029,0.133,0.122,0.133,0.073,0.014,0.014,0.014,0.917854089,0.76061311,0.146598786,0.074816308,0.112253731
Ichthyomyzon castaneus,516,221,169,9818,0.017,N,0.014,0.028,0.163,0.155,0.163,0.089,0.014,0.014,0.014,1.215787205,0.262760093,0.456728389,0.239747862,0.179878988
Ichthyomyzon fossor,517,222,309,9537,0.031,Y,0.024,0.041,0.256,0.186,0.256,0.14,0.07,0.024,0.024,0.623856516,0.519256717,0.67074476,0.446039453,0.196308506
Ichthyomyzon gagei,518,223,312,3246,0.088,Y,0.078,0.069,0.193,0.138,0.193,0.136,0.078,0.078,0.078,0.27404185,0.109549296,0.456041859,0.601010904,0.056450251
Ichthyomyzon greeleyi,519,224,118,4409,0.026,N,0.019,0.048,0.271,0.183,0.271,0.145,0.088,0.019,0.019,0.514733918,0.786596567,1.097952217,0.076795407,0.177782345
Ichthyomyzon unicuspis,520,225,45,8390,0.005,N,0.005,0.013,0.13,0.188,0.13,0.067,0.005,0.005,0.005,0.99782537,0.120672794,0.13576577,0.103470115,0.195437166
Ictalurus furcatus,521,226,288,6466,0.043,Y,0.026,0.067,0.424,0.255,0.424,0.225,0.169,0.026,0.026,1.631810248,1.177207579,0.405303505,0.207820801,0.176526553
Ictalurus punctatus,524,227,2690,27304,0.09,Y,0.059,0.11,0.404,0.244,0.404,0.232,0.16,0.059,0.059,1.430868442,0.598432732,0.442808716,0.161077945,0.146311854
Ictiobus bubalus,526,228,730,12321,0.056,Y,0.034,0.081,0.422,0.267,0.422,0.228,0.156,0.034,0.034,1.797817796,0.781723686,0.533999667,0.229516847,0.115241979
Ictiobus cyprinellus,527,229,295,10137,0.028,N,0.02,0.054,0.299,0.234,0.299,0.16,0.065,0.02,0.02,1.178983624,0.690016389,0.322592523,0.092922649,0.033897527
Ictiobus niger,528,230,139,7635,0.018,N,0.013,0.043,0.265,0.195,0.265,0.139,0.071,0.013,0.013,1.76137578,0.720451996,0.608714125,0.235124726,0.165517114
Labidesthes sicculus,531,231,1264,16459,0.071,Y,0.058,0.071,0.241,0.206,0.241,0.15,0.058,0.058,0.058,0.715830795,0.260596085,0.679842155,0.130640438,0.228426255
Lampetra aepyptera,532,232,219,4917,0.043,Y,0.04,0.034,0.104,0.074,0.104,0.072,0.04,0.04,0.04,0.708629778,0.386913524,0.508712517,0.188999833,0.209924783
Lampetra richardsoni,535,233,28,348,0.074,Y,0.056,0.058,0.291,0.185,0.291,0.173,0.107,0.056,0.056,0.242090167,0.347223941,0.649074959,0.11835225,0.314524574
Lepisosteus oculatus,546,234,418,5005,0.077,Y,0.052,0.088,0.372,0.257,0.372,0.212,0.115,0.052,0.052,0.764982659,1.076957303,0.649679711,0.152478269,0.181831485
Lepisosteus osseus,547,235,868,18815,0.044,Y,0.032,0.067,0.309,0.244,0.309,0.171,0.066,0.032,0.032,1.576160022,0.696217353,0.371036934,0.153397582,0.131823178
Lepisosteus platostomus,548,236,224,7336,0.03,Y,0.019,0.054,0.382,0.283,0.382,0.201,0.1,0.019,0.019,1.305310964,0.694217226,0.671428519,0.096515989,0.103310922
Lepisosteus platyrhincus,549,237,143,399,0.264,Y,0.071,0.14,0.803,0.224,0.803,0.437,0.58,0.356,0.071,0.536294539,0.043064898,2.351599119,0.182144237,0.094321094
Lepomis auritus,550,238,3996,11833,0.252,Y,0.156,0.153,0.538,0.241,0.538,0.347,0.297,0.156,0.156,0.35001506,1.049850308,0.455003817,0.283832566,0.240065647
Lepomis cyanellus,551,239,7275,25071,0.225,Y,0.174,0.142,0.401,0.184,0.401,0.287,0.217,0.174,0.174,0.204272989,0.488284299,0.643299561,0.140865712,0.120068109
Lepomis gibbosus,552,240,4702,23393,0.167,Y,0.139,0.106,0.311,0.187,0.311,0.225,0.139,0.139,0.139,0.38075478,0.224730929,0.659505811,0.126371012,0.108863847
Lepomis gulosus,553,241,2283,18228,0.111,Y,0.076,0.11,0.392,0.257,0.392,0.234,0.135,0.076,0.076,0.398732537,0.393640871,1.313153488,0.229545113,0.181478619
Lepomis humilis,554,242,768,8162,0.086,Y,0.067,0.082,0.284,0.214,0.284,0.175,0.069,0.067,0.067,0.649939712,0.519204299,0.55927375,0.201498505,0.193335049
Lepomis macrochirus,555,243,10058,25583,0.282,Y,0.208,0.162,0.47,0.218,0.47,0.339,0.252,0.208,0.208,0.342444188,0.404330367,0.750936231,0.182020356,0.114765517
Lepomis marginatus,556,244,495,3157,0.136,Y,0.107,0.104,0.316,0.17,0.316,0.212,0.147,0.107,0.107,0.249558582,0.270411978,1.004540192,0.188486743,0.166787524
Lepomis megalotis,557,245,3728,10434,0.263,Y,0.185,0.156,0.483,0.194,0.483,0.334,0.289,0.185,0.185,0.631824873,0.42084853,0.850036967,0.187205915,0.243677289
Lepomis microlophus,558,246,1703,11946,0.125,Y,0.086,0.099,0.394,0.288,0.394,0.24,0.106,0.086,0.086,0.40651541,0.739640036,0.864673921,0.139842814,0.209322001
Lepomis miniatus,559,247,246,2964,0.077,Y,0.072,0.047,0.129,0.071,0.129,0.101,0.072,0.072,0.072,0.164883499,0.140523029,0.640450815,0.096629276,0.078500457
Lepomis punctatus,561,248,1053,1379,0.433,Y,0.281,0.194,0.633,0.218,0.633,0.457,0.414,0.281,0.281,0.477036176,0.181239299,0.670000568,0.246383941,0.135954464
Lepomis symmetricus,562,249,58,843,0.064,Y,0.054,0.056,0.216,0.157,0.216,0.135,0.059,0.054,0.054,0.371057724,0.094727621,0.819911813,0.289304197,0.166790791
Lethenteron appendix,566,250,987,16015,0.058,Y,0.047,0.054,0.239,0.168,0.239,0.143,0.071,0.047,0.047,0.354391782,0.398734128,0.609866562,0.314696541,0.176753294
Lota lota,569,251,634,12113,0.05,Y,0.041,0.046,0.222,0.166,0.222,0.131,0.055,0.041,0.041,0.651435126,0.338179872,0.597031461,0.291737948,0.235751814
Lucania goodei,570,252,83,165,0.335,Y,0.172,0.158,0.654,0.201,0.654,0.413,0.454,0.253,0.172,0.376113276,0.939001225,1.192852518,0.428231601,0.231547586
Luxilus albeolus,572,253,279,1075,0.206,Y,0.127,0.157,0.514,0.21,0.514,0.32,0.304,0.127,0.127,0.846966986,0.583151492,1.268758638,0.288928677,0.215953695
Luxilus cardinalis,573,254,88,132,0.4,Y,0.264,0.18,0.601,0.168,0.601,0.432,0.432,0.264,0.264,0.410703837,0.38098962,0.741687969,0.091067227,0.033345562
Luxilus cerasinus,574,255,164,744,0.181,Y,0.117,0.137,0.466,0.181,0.466,0.292,0.285,0.117,0.117,0.311161582,0.619560637,1.184955493,0.16295957,0.107029094
Luxilus chrysocephalus,575,256,2237,11466,0.163,Y,0.129,0.116,0.339,0.165,0.339,0.234,0.174,0.129,0.129,0.450193083,0.395367855,0.876196188,0.174913288,0.227842058
Luxilus coccogenis,576,257,434,3272,0.117,Y,0.077,0.111,0.419,0.217,0.419,0.248,0.202,0.077,0.077,0.958994024,0.569973007,0.615300873,0.158919871,0.167872483
Luxilus cornutus,577,258,6546,17829,0.269,Y,0.191,0.155,0.481,0.191,0.481,0.336,0.29,0.191,0.191,0.637797757,0.444789022,0.460043889,0.177549047,0.124116837
Luxilus pilsbryi,578,259,58,206,0.22,Y,0.121,0.107,0.561,0.248,0.561,0.341,0.313,0.121,0.121,0.658840618,0.333250123,0.572846513,0.153732463,0.08762523
Luxilus zonatus,579,260,44,23,0.657,Y,0.317,0.164,0.85,0.105,0.85,0.584,0.745,0.639,0.317,0.695028757,0.079242746,0.480483992,0.210822078,0.095896618
Luxilus zonistius,580,261,100,438,0.186,Y,0.134,0.092,0.403,0.195,0.403,0.269,0.208,0.134,0.134,0.317756978,0.297879486,0.447584586,0.14576938,0.355685905
Lythrurus ardens,582,262,172,1393,0.11,Y,0.08,0.099,0.351,0.191,0.351,0.215,0.159,0.08,0.08,0.956929504,0.534848666,0.6423229,0.281118048,0.203875452
Lythrurus atrapiculus,583,263,70,440,0.137,Y,0.111,0.102,0.308,0.137,0.308,0.21,0.171,0.111,0.111,0.127102671,0.130502235,0.939717853,0.084500805,0.098533996
Lythrurus bellus,584,264,106,371,0.222,Y,0.142,0.136,0.505,0.265,0.505,0.323,0.239,0.142,0.142,0.377266904,0.272157047,1.0463594,0.233497988,0.167621805
Lythrurus fasciolaris,585,265,726,2330,0.238,Y,0.168,0.161,0.461,0.191,0.461,0.315,0.27,0.168,0.168,0.71028043,0.193567868,0.751818934,0.175268238,0.10645456
Lythrurus fumeus,586,266,249,1635,0.132,Y,0.106,0.104,0.307,0.16,0.307,0.207,0.147,0.106,0.106,0.328526409,0.21040915,0.923457904,0.094299429,0.101882511
Lythrurus lirus,587,267,63,1616,0.038,Y,0.031,0.035,0.199,0.133,0.199,0.115,0.066,0.031,0.031,0.358530016,0.381187594,0.487150936,0.07546085,0.132189935
Lythrurus matutinus,588,268,60,201,0.23,Y,0.154,0.128,0.473,0.182,0.473,0.314,0.292,0.154,0.154,0.489206937,0.161375059,0.571666119,0.406445984,0.118089578
Lythrurus roseipinnis,589,269,61,197,0.236,Y,0.213,0.083,0.318,0.062,0.318,0.266,0.257,0.213,0.213,0.434178743,0.107460321,0.238478523,0.072109498,0.078618291
Lythrurus snelsoni,590,270,39,116,0.252,Y,0.115,0.135,0.664,0.215,0.664,0.389,0.448,0.233,0.115,0.18016519,0.319484453,0.92357051,0.13028372,0
Lythrurus umbratilis,591,271,556,9303,0.056,Y,0.045,0.069,0.241,0.187,0.241,0.143,0.054,0.045,0.045,0.478260502,0.153085514,1.082741071,0.199691823,0.184424402
Macrhybopsis aestivalis,592,272,49,893,0.052,Y,0.045,0.053,0.174,0.088,0.174,0.109,0.086,0.045,0.045,1.035454715,0.269031501,0.215345029,0.131594789,0.240359405
Macrhybopsis hyostoma,595,273,77,7119,0.011,N,0.006,0.035,0.417,0.266,0.417,0.212,0.152,0.006,0.006,1.942230368,0.416212745,0.420324624,0.347885688,0.184179902
Macrhybopsis storeriana,601,274,186,8540,0.021,N,0.015,0.048,0.301,0.236,0.301,0.158,0.064,0.015,0.015,1.650767648,0.454729631,0.271980715,0.104220786,0.058258715
Margariscus margarita,603,275,1438,17144,0.077,Y,0.062,0.072,0.26,0.168,0.26,0.161,0.092,0.062,0.062,0.713294982,0.727895053,0.466356651,0.263805252,0.128763841
Menidia beryllina,607,276,326,3587,0.083,Y,0.05,0.09,0.453,0.285,0.453,0.251,0.168,0.05,0.05,1.009039319,0.863215388,0.339305045,0.126438111,0.22431693
Micropterus cataractae,611,277,40,492,0.075,Y,0.034,0.067,0.581,0.314,0.581,0.307,0.268,0.034,0.034,1.324842367,0.192901004,0.180626847,0.052058307,0.134696097
Micropterus coosae,612,278,421,2936,0.125,Y,0.09,0.113,0.37,0.183,0.37,0.23,0.186,0.09,0.09,0.462775654,0.582794919,1.201881844,0.339217262,0.195726066
Micropterus dolomieu,613,279,6080,26328,0.188,Y,0.116,0.143,0.5,0.246,0.5,0.308,0.255,0.116,0.116,1.320089953,0.280198772,0.417166975,0.18171158,0.13352049
Micropterus notius,615,280,29,41,0.414,Y,0.242,0.155,0.648,0.154,0.648,0.445,0.494,0.34,0.242,0.132998371,0.045311559,0.063559203,0.036289274,0.014464157
Micropterus punctulatus,616,281,2103,9749,0.177,Y,0.132,0.136,0.383,0.191,0.383,0.258,0.192,0.132,0.132,0.809713066,0.609928173,0.601791785,0.097464312,0.078138567
Micropterus salmoides,618,282,7610,28480,0.211,Y,0.162,0.134,0.394,0.218,0.394,0.278,0.176,0.162,0.162,0.37431386,0.50360774,0.671314215,0.163026562,0.107407525
Minytrema melanops,623,283,791,12626,0.059,Y,0.048,0.066,0.232,0.169,0.232,0.14,0.064,0.048,0.048,0.609089794,0.402227887,1.030428237,0.219377191,0.106228618
Morone americana,627,284,188,7726,0.024,N,0.016,0.043,0.347,0.298,0.347,0.181,0.049,0.016,0.016,1.187141178,0.539080884,0.96158401,0.167699845,0.283703973
Morone chrysops,628,285,638,19628,0.031,Y,0.018,0.054,0.452,0.31,0.452,0.235,0.142,0.018,0.018,1.985496933,0.697524447,0.623114745,0.342832727,0.24547853
Morone mississippiensis,630,286,72,6176,0.012,N,0.01,0.03,0.153,0.101,0.153,0.081,0.052,0.01,0.01,1.552435019,0.710489406,0.266381819,0.158300714,0.109157593
Morone saxatilis,631,287,256,9909,0.025,N,0.019,0.049,0.246,0.187,0.246,0.133,0.059,0.019,0.019,2.00002164,0.236453249,0.323912748,0.093819943,0.066415247
Moxostoma anisurum,632,288,744,18949,0.038,Y,0.028,0.063,0.28,0.205,0.28,0.154,0.075,0.028,0.028,1.737242969,0.365581055,0.176212836,0.140181897,0.12467595
Moxostoma breviceps,635,289,160,5928,0.026,N,0.019,0.052,0.309,0.194,0.309,0.164,0.115,0.019,0.019,1.648741438,0.432744795,0.193708164,0.067921205,0.115729901
Moxostoma carinatum,636,290,380,15173,0.024,N,0.019,0.048,0.244,0.195,0.244,0.132,0.05,0.019,0.019,1.710254407,0.629603461,0.280083248,0.189202421,0.144987642
Moxostoma cervinum,637,291,126,819,0.133,Y,0.065,0.11,0.58,0.247,0.58,0.323,0.332,0.085,0.065,1.134543197,0.199155959,1.272037981,0.222366227,0.315478054
Moxostoma collapsum,638,292,210,2347,0.082,Y,0.063,0.087,0.287,0.139,0.287,0.175,0.148,0.063,0.063,1.160446829,0.282959829,0.646461436,0.096745701,0.080715125
Moxostoma congestum,639,293,51,80,0.389,Y,0.196,0.127,0.684,0.178,0.684,0.44,0.506,0.329,0.196,0.457278015,0.296742373,0.403487594,0.198670965,0.060553627
Moxostoma duquesnei,640,294,1011,11257,0.082,Y,0.065,0.081,0.273,0.18,0.273,0.169,0.093,0.065,0.065,0.983707924,0.36724515,0.330912576,0.397100354,0.197825843
Moxostoma erythrurum,641,295,2282,19564,0.104,Y,0.08,0.104,0.312,0.194,0.312,0.196,0.118,0.08,0.08,1.083858422,0.315148149,0.378214783,0.247056925,0.113897318
Moxostoma lachneri,644,296,159,1108,0.125,Y,0.082,0.097,0.415,0.204,0.415,0.249,0.211,0.082,0.082,1.373913913,0.425772863,0.314678854,0.189142893,0.095491226
Moxostoma macrolepidotum,645,297,1399,19766,0.066,Y,0.045,0.086,0.364,0.241,0.364,0.205,0.123,0.045,0.045,1.645053024,0.610412112,0.380606601,0.172648195,0.150834888
Moxostoma pappillosum,646,298,72,1484,0.046,Y,0.03,0.056,0.364,0.233,0.364,0.197,0.131,0.03,0.03,1.212634222,0.126066257,0.70884866,0.178583214,0.15029009
Moxostoma poecilurum,648,299,375,1655,0.185,Y,0.141,0.1,0.373,0.201,0.373,0.257,0.172,0.141,0.141,0.578283709,0.289505726,0.490200848,0.30819578,0.213713881
Moxostoma robustum,649,300,40,948,0.04,Y,0.032,0.06,0.238,0.116,0.238,0.135,0.122,0.032,0.032,1.75736308,0.298886069,0.21434355,0.083442906,0.116656331
Moxostoma rupiscartes,650,301,321,1550,0.172,Y,0.09,0.14,0.569,0.197,0.569,0.329,0.372,0.175,0.09,0.741013354,0.730719722,1.709783406,0.213835442,0.261990428
Moxostoma valenciennesi,655,302,161,8631,0.018,N,0.012,0.035,0.337,0.228,0.337,0.175,0.109,0.012,0.012,2.363224842,0.119464388,0.284239268,0.252588309,0.148751799
Mugil cephalus,656,303,199,1160,0.146,Y,0.069,0.114,0.6,0.255,0.6,0.334,0.345,0.089,0.069,1.67698791,0.624061024,1.026242707,0.188095404,0.186034172
Neogobius melanostomus,662,304,48,2616,0.018,N,0.014,0.036,0.219,0.148,0.219,0.116,0.071,0.014,0.014,1.130396185,0.263989365,0.957225913,0.245102203,0.124542441
Nocomis asper,663,305,62,241,0.205,Y,0.142,0.135,0.443,0.131,0.443,0.293,0.312,0.181,0.142,0.384810222,0.281868571,0.974394079,0.234267608,0.056624055
Nocomis biguttatus,664,306,2047,12174,0.144,Y,0.1,0.107,0.404,0.207,0.404,0.252,0.198,0.1,0.1,0.632022971,0.578629574,0.547347011,0.397134673,0.191741928
Nocomis effusus,665,307,63,839,0.07,Y,0.053,0.058,0.275,0.221,0.275,0.164,0.054,0.053,0.053,0.593093407,0.436186022,0.436531436,0.463443387,0.261016383
Nocomis leptocephalus,666,308,1568,3305,0.322,Y,0.197,0.204,0.584,0.209,0.584,0.391,0.375,0.197,0.197,0.589254511,0.509645964,0.918460922,0.231025815,0.22368676
Nocomis micropogon,667,309,1614,12419,0.115,Y,0.088,0.097,0.327,0.187,0.327,0.207,0.14,0.088,0.088,1.000146778,0.320668393,0.292377221,0.214932792,0.1559493
Nocomis platyrhynchus,668,310,36,382,0.086,Y,0.059,0.086,0.392,0.23,0.392,0.225,0.162,0.059,0.059,1.093075035,0.360436201,0.152602148,0.206993699,0.1162268
Nocomis raneyi,669,311,95,583,0.14,Y,0.076,0.104,0.522,0.258,0.522,0.299,0.264,0.076,0.076,1.423314549,0.225643732,0.396854328,0.244872193,0.161560913
Notemigonus crysoleucas,670,312,2592,32106,0.075,Y,0.064,0.063,0.208,0.205,0.208,0.136,0.064,0.064,0.064,0.209718707,0.498716222,0.667487825,0.172439651,0.155367007
Notropis alborus,672,313,77,620,0.11,Y,0.064,0.108,0.484,0.175,0.484,0.274,0.309,0.134,0.064,0.469075146,0.467399018,1.602288115,0.153939429,0.19720488
Notropis altipinnis,673,314,157,830,0.159,Y,0.087,0.115,0.532,0.193,0.532,0.31,0.339,0.146,0.087,0.650135038,0.168421645,1.253063399,0.161202091,0.200718895
Notropis ammophilus,675,315,57,301,0.159,Y,0.082,0.114,0.55,0.215,0.55,0.316,0.335,0.12,0.082,0.335693373,0.246860789,1.278086816,0.277384076,0.211277219
Notropis amoenus,676,316,171,6973,0.024,N,0.019,0.041,0.24,0.22,0.24,0.129,0.02,0.019,0.019,0.899335398,0.786822083,0.600114134,0.195832327,0.221458937
Notropis amplamala,677,317,127,897,0.124,Y,0.099,0.092,0.298,0.144,0.298,0.199,0.154,0.099,0.099,0.541475861,0.135500745,0.926174345,0.160293233,0.132359095
Notropis ariommus,679,318,61,2941,0.02,N,0.017,0.027,0.173,0.131,0.173,0.095,0.042,0.017,0.017,0.913726536,0.76004368,0.419452949,0.266873008,0.282327789
Notropis asperifrons,680,319,46,465,0.09,Y,0.078,0.049,0.201,0.129,0.201,0.14,0.078,0.078,0.078,0.256848899,0.514595266,0.579632658,0.197752446,0.187389856
Notropis atherinoides,681,320,1470,21260,0.065,Y,0.045,0.071,0.35,0.286,0.35,0.198,0.064,0.045,0.045,1.087053436,0.39417085,0.560658572,0.152026793,0.208506503
Notropis atrocaudalis,682,321,38,439,0.08,Y,0.062,0.072,0.276,0.166,0.276,0.169,0.11,0.062,0.062,0.145757859,0.145881896,1.103651052,0.219636554,0.052264311
Notropis baileyi,683,322,88,420,0.173,Y,0.133,0.105,0.363,0.176,0.363,0.248,0.187,0.133,0.133,0.377512789,0.189792341,0.668168191,0.131025855,0.207400755
Notropis bairdi,684,323,87,430,0.168,Y,0.081,0.109,0.598,0.302,0.598,0.339,0.296,0.081,0.081,0.943135324,0.247782942,0.821914599,0.312318198,0.093832406
Notropis bifrenatus,685,324,65,5694,0.011,N,0.009,0.028,0.227,0.171,0.227,0.118,0.056,0.009,0.009,0.220857784,0.979730252,0.186284214,0.216618062,0.190503352
Notropis blennius,686,325,210,10049,0.02,N,0.015,0.039,0.292,0.315,0.292,0.153,0.015,0.015,0.015,0.849757046,0.261369459,0.240804372,0.262893333,0.139937033
Notropis boops,687,326,479,2436,0.164,Y,0.138,0.097,0.301,0.144,0.301,0.219,0.157,0.138,0.138,0.527658398,0.238967865,0.251250821,0.284862029,0.37267768
Notropis buccatus,689,327,798,6504,0.109,Y,0.085,0.1,0.309,0.158,0.309,0.197,0.151,0.085,0.085,0.451784804,0.611723745,1.001043352,0.245713974,0.132813441
Notropis buchanani,691,328,134,4579,0.028,N,0.018,0.05,0.368,0.254,0.368,0.193,0.115,0.018,0.018,1.6068994,0.284088486,0.293847221,0.221480736,0.312802644
Notropis chalybaeus,694,329,55,3572,0.015,N,0.015,0.014,0.054,0.03,0.054,0.034,0.024,0.015,0.015,0.259190491,0.354776362,0.959343202,0.086627354,0.16519081
Notropis chiliticus,696,330,197,1337,0.128,Y,0.086,0.121,0.416,0.194,0.416,0.251,0.222,0.086,0.086,0.789115121,0.219825856,0.89652161,0.0799081,0.088727367
Notropis chlorocephalus,697,331,99,270,0.268,Y,0.12,0.158,0.67,0.212,0.67,0.395,0.458,0.246,0.12,1.315460186,0.391012878,1.495930427,0.406862576,0.270429505
Notropis chrosomus,698,332,92,516,0.151,Y,0.103,0.1,0.42,0.186,0.42,0.261,0.234,0.103,0.103,0.409742353,0.586460276,0.863296354,0.374985153,0.122825281
Notropis cummingsae,699,333,225,1388,0.139,Y,0.101,0.129,0.379,0.174,0.379,0.24,0.205,0.101,0.101,0.595444054,0.231353796,1.164768711,0.135423019,0.056637993
Notropis dorsalis,700,334,556,10670,0.05,Y,0.043,0.046,0.176,0.14,0.176,0.109,0.043,0.043,0.043,0.555172494,0.314571257,0.450442798,0.228842926,0.186787386
Notropis girardi,702,335,34,555,0.058,Y,0.016,0.068,0.739,0.215,0.739,0.378,0.524,0.31,0.016,0.875779482,0.110218489,0.578830688,0.058761412,0.029578541
Notropis greenei,703,336,32,272,0.105,Y,0.079,0.065,0.309,0.179,0.309,0.194,0.13,0.079,0.079,0.65564978,0.218704151,0.36259578,0.117702619,0.07711444
Notropis harperi,704,337,40,529,0.07,Y,0.054,0.048,0.252,0.117,0.252,0.153,0.135,0.054,0.054,0.123518422,0.180146353,0.738779756,0.313081681,0.152173745
Notropis heterodon,705,338,79,10504,0.007,N,0.007,0.015,0.061,0.095,0.061,0.034,0.007,0.007,0.007,0.092413617,0.522184279,0.10458881,0.124057237,0.096972414
Notropis heterolepis,706,339,495,13743,0.035,Y,0.03,0.043,0.17,0.147,0.17,0.1,0.03,0.03,0.03,0.191182046,0.642661425,0.723287172,0.182903963,0.109095409
Notropis hudsonius,707,340,1345,22015,0.058,Y,0.048,0.061,0.208,0.151,0.208,0.128,0.057,0.048,0.048,0.780978804,0.374938325,0.602338064,0.291707748,0.129180903
Notropis hypsilepis,708,341,37,258,0.125,Y,0.081,0.075,0.402,0.189,0.402,0.242,0.214,0.081,0.081,0.683237529,0.126412152,0.468157663,0.264816905,0.201501572
Notropis leuciodus,710,342,281,3841,0.068,Y,0.047,0.08,0.351,0.207,0.351,0.199,0.144,0.047,0.047,1.169013421,0.705641072,0.676864983,0.259095947,0.168225753
Notropis longirostris,711,343,250,755,0.249,Y,0.195,0.141,0.407,0.161,0.407,0.301,0.245,0.195,0.195,0.456955444,0.158702725,0.434826452,0.231554218,0.126454817
Notropis lutipinnis,712,344,350,1112,0.239,Y,0.134,0.155,0.575,0.239,0.575,0.355,0.336,0.134,0.134,0.85415842,0.552644814,0.612617593,0.394477111,0.105428026
Notropis maculatus,713,345,87,1934,0.043,Y,0.033,0.051,0.26,0.226,0.26,0.147,0.034,0.033,0.033,0.174882844,0.222528839,0.839875931,0.15571813,0.115381012
Notropis micropteryx,716,346,138,3974,0.034,Y,0.024,0.048,0.298,0.194,0.298,0.161,0.104,0.024,0.024,0.977440073,0.456703605,1.055441329,0.174779156,0.287560365
Notropis nubilus,717,347,165,2246,0.068,Y,0.041,0.07,0.447,0.276,0.447,0.244,0.171,0.041,0.041,1.120272699,0.469995915,0.565420166,0.305315281,0.276995194
Notropis ortenburgeri,719,348,27,276,0.089,Y,0.083,0.031,0.154,0.055,0.154,0.118,0.099,0.083,0.083,0.236189717,0.089704672,0.225651706,0.195584464,0.01583156
Notropis percobromus,722,349,83,6001,0.014,N,0.01,0.029,0.231,0.19,0.231,0.121,0.041,0.01,0.01,1.565718345,0.242634347,0.243180358,0.23172408,0.213518395
Notropis petersoni,724,350,236,1483,0.137,Y,0.098,0.106,0.385,0.203,0.385,0.242,0.182,0.098,0.098,0.688966213,0.141059305,0.903599001,0.209967822,0.15571549
Notropis photogenis,725,351,471,7595,0.058,Y,0.048,0.069,0.233,0.142,0.233,0.14,0.091,0.048,0.048,1.473632611,0.640897713,0.422102717,0.165449383,0.227520498
Notropis potteri,726,352,45,290,0.134,Y,0.08,0.108,0.477,0.196,0.477,0.278,0.281,0.085,0.08,0.960891966,0.169679534,0.662665668,0.216703021,0.022104542
Notropis procne,727,353,508,7917,0.06,Y,0.043,0.079,0.323,0.22,0.323,0.183,0.104,0.043,0.043,0.630299232,0.803214277,1.017165203,0.226555731,0.2415327
Notropis rubellus,729,354,1466,22589,0.061,Y,0.05,0.065,0.225,0.15,0.225,0.138,0.075,0.05,0.05,1.065550149,0.435255782,0.363575611,0.200214178,0.179590365
Notropis rubricroceus,730,355,114,2573,0.042,Y,0.027,0.058,0.378,0.205,0.378,0.202,0.172,0.027,0.027,1.241983483,0.623865483,0.615483203,0.158992565,0.168738081
Notropis scepticus,734,356,160,746,0.177,Y,0.129,0.13,0.398,0.184,0.398,0.263,0.213,0.129,0.129,0.788865986,0.355761885,0.544479413,0.138248948,0.124579241
Notropis shumardi,736,357,54,660,0.076,Y,0.04,0.085,0.505,0.252,0.505,0.273,0.253,0.04,0.04,1.050829327,0.074847887,0.229281119,0.070527455,0.17291176
Notropis spectrunculus,740,358,105,2333,0.043,Y,0.026,0.064,0.417,0.197,0.417,0.222,0.221,0.026,0.026,1.728133838,1.269499221,0.44608841,0.281212241,0.456275274
Notropis stilbius,741,359,240,437,0.355,Y,0.227,0.19,0.583,0.199,0.583,0.405,0.384,0.227,0.227,1.009122187,0.108529019,0.508256188,0.345066192,0.214841891
Notropis stramineus,742,360,1527,18443,0.076,Y,0.063,0.073,0.243,0.189,0.243,0.153,0.063,0.063,0.063,0.825808879,0.424871682,0.318368659,0.088349171,0.0861716
Notropis telescopus,744,361,465,4309,0.097,Y,0.069,0.094,0.357,0.192,0.357,0.213,0.165,0.069,0.069,1.136586679,0.544782725,0.748028948,0.152265811,0.28343697
Notropis texanus,745,362,475,8307,0.054,Y,0.035,0.089,0.398,0.209,0.398,0.216,0.188,0.035,0.035,0.441784889,0.083862008,1.934778995,0.147115336,0.096929606
Notropis volucellus,748,363,1140,23719,0.046,Y,0.038,0.056,0.21,0.182,0.21,0.124,0.038,0.038,0.038,1.0635388,0.39584953,0.281305559,0.14083398,0.102906904
Notropis wickliffi,749,364,78,2727,0.028,N,0.012,0.046,0.571,0.356,0.571,0.292,0.214,0.012,0.012,0.747332,0.662238132,0.168817384,0.128370504,0.058493104
Notropis xaenocephalus,750,365,148,301,0.33,Y,0.253,0.164,0.476,0.125,0.476,0.365,0.352,0.253,0.253,0.457763989,0.517758661,0.250475042,0.207226157,0.247809184
Noturus albater,751,366,38,74,0.339,Y,0.196,0.121,0.617,0.229,0.617,0.406,0.388,0.196,0.196,0.669590576,0.089411389,0.554543816,0.06572321,0.051067257
Noturus elegans,754,367,39,405,0.088,Y,0.081,0.038,0.141,0.044,0.141,0.111,0.097,0.081,0.081,0.268497518,0.15496682,0.628456773,0.159737269,0.10614075
Noturus eleutherus,755,368,44,3545,0.012,N,0.009,0.026,0.262,0.158,0.262,0.136,0.104,0.009,0.009,1.108633688,1.02127584,0.340568453,0.243723327,0.235308516
Noturus exilis,756,369,266,4184,0.06,Y,0.044,0.061,0.311,0.199,0.311,0.177,0.112,0.044,0.044,1.14550024,0.477208363,0.600430504,0.437369347,0.490185303
Noturus flavus,760,370,1009,18372,0.052,Y,0.043,0.057,0.221,0.15,0.221,0.132,0.071,0.043,0.043,1.563252331,0.300564035,0.500084152,0.22855064,0.164117008
Noturus funebris,761,371,138,655,0.174,Y,0.137,0.111,0.353,0.163,0.353,0.245,0.19,0.137,0.137,0.678796447,0.148869595,0.719962282,0.135827963,0.167153677
Noturus gyrinus,765,372,597,17531,0.033,Y,0.028,0.043,0.161,0.147,0.161,0.095,0.028,0.028,0.028,0.454432772,0.744983785,0.754777444,0.16500821,0.196031093
Noturus insignis,767,373,1366,10323,0.117,Y,0.086,0.098,0.347,0.181,0.347,0.217,0.166,0.086,0.086,0.726395984,0.790756295,0.409542578,0.245203496,0.310328151
Noturus leptacanthus,769,374,470,1631,0.224,Y,0.175,0.138,0.388,0.175,0.388,0.282,0.213,0.175,0.175,0.660342029,0.107778692,0.623890787,0.103631829,0.089769049
Noturus miurus,771,375,133,5392,0.024,N,0.02,0.027,0.169,0.143,0.169,0.094,0.026,0.02,0.02,0.581969995,0.554403828,0.601507149,0.152721146,0.201147815
Noturus nocturnus,773,376,220,2840,0.072,Y,0.06,0.059,0.215,0.177,0.215,0.138,0.06,0.06,0.06,0.65040521,0.131822965,0.485205313,0.192861501,0.276120243
Noturus phaeus,774,377,39,609,0.06,Y,0.052,0.035,0.171,0.131,0.172,0.112,0.052,0.052,0.052,0.470830738,0.312779023,0.085697932,0.060422579,0.110129226
Oncorhynchus clarkii,784,378,510,2623,0.163,Y,0.104,0.1,0.459,0.272,0.459,0.282,0.188,0.104,0.104,0.446088232,0.774715064,0.775620903,0.292687323,0.148249929
Oncorhynchus clarkii behnkei,786,379,302,1474,0.17,Y,0.109,0.105,0.467,0.226,0.467,0.288,0.241,0.109,0.109,0.575754326,0.347864442,0.367444851,0.293202986,0.096002819
Oncorhynchus clarkii bouvieri,787,380,327,1228,0.21,Y,0.11,0.12,0.583,0.237,0.583,0.347,0.346,0.11,0.11,0.730254953,0.753617517,0.501820472,0.646122377,0.337190902
Oncorhynchus clarkii pleuriticus,792,381,199,794,0.2,Y,0.086,0.125,0.66,0.2,0.66,0.373,0.46,0.259,0.086,0.828067694,0.40566049,0.687029048,0.90096944,0.175541065
Oncorhynchus clarkii utah,798,382,115,1089,0.096,Y,0.062,0.091,0.403,0.213,0.403,0.233,0.19,0.062,0.062,0.473233715,0.249977316,1.194973522,0.255973666,0.173445935
Oncorhynchus kisutch,804,383,210,2804,0.07,Y,0.04,0.068,0.464,0.277,0.464,0.252,0.187,0.04,0.04,0.303314168,0.515600816,1.055832985,0.600651767,0.150540686
Oncorhynchus mykiss,805,384,5268,26122,0.168,Y,0.102,0.108,0.495,0.249,0.495,0.298,0.246,0.102,0.102,0.736244834,0.588036927,0.560191869,0.169102288,0.129451375
Oncorhynchus tshawytscha,816,385,79,2936,0.026,N,0.02,0.033,0.272,0.257,0.272,0.146,0.02,0.02,0.02,1.040727824,0.419260231,0.416422961,0.201560098,0.224669265
Opsopoeodus emiliae,817,386,286,9077,0.031,Y,0.023,0.048,0.273,0.22,0.273,0.148,0.053,0.023,0.023,0.636251645,0.354669197,1.67531419,0.188090316,0.200679994
Perca flavescens,830,387,2433,26710,0.083,Y,0.065,0.078,0.282,0.209,0.282,0.174,0.074,0.065,0.065,0.546181824,0.646608009,0.321339287,0.129080842,0.124207419
Percina aurantiaca,833,388,66,2202,0.029,N,0.018,0.059,0.394,0.219,0.394,0.206,0.175,0.018,0.018,1.686766214,0.374609867,0.44824675,0.168419042,0.192958433
Percina caprodes,840,389,2320,21342,0.098,Y,0.075,0.092,0.306,0.183,0.306,0.191,0.124,0.075,0.075,1.094651415,0.332333461,0.385188152,0.182659642,0.095464108
Percina copelandi,842,390,187,5730,0.032,Y,0.022,0.055,0.326,0.198,0.326,0.174,0.128,0.022,0.022,1.598099222,0.38085951,0.735437947,0.327674116,0.237423873
Percina crassa,843,391,151,1200,0.112,Y,0.078,0.098,0.367,0.218,0.367,0.223,0.149,0.078,0.078,1.079188063,0.444197241,0.287808696,0.220071123,0.257080052
Percina evides,846,392,180,6813,0.026,N,0.017,0.043,0.363,0.207,0.363,0.19,0.156,0.017,0.017,0.972152635,0.566011752,0.756538326,0.194890295,0.147933429
Percina kathae,850,393,199,700,0.221,Y,0.185,0.126,0.35,0.134,0.35,0.267,0.216,0.185,0.185,0.593936152,0.163566557,0.739419368,0.06267338,0.085527014
Percina macrocephala,853,394,79,2265,0.034,Y,0.023,0.06,0.347,0.219,0.347,0.185,0.128,0.023,0.023,0.75567317,0.615519047,0.360203432,0.155937388,0.122791342
Percina macrolepida,854,395,63,595,0.096,Y,0.082,0.07,0.232,0.118,0.232,0.157,0.114,0.082,0.082,0.351134344,0.607208689,0.270368607,0.11939486,0.118426502
Percina maculata,855,396,2036,15842,0.114,Y,0.088,0.093,0.312,0.176,0.312,0.2,0.136,0.088,0.088,0.692978897,0.453692862,0.426569951,0.163135607,0.142585727
Percina nevisense,857,397,75,363,0.171,Y,0.13,0.115,0.368,0.152,0.368,0.249,0.216,0.13,0.13,0.787495663,0.213721725,0.306043714,0.281698283,0.155170303
Percina nigrofasciata,858,398,1099,1101,0.5,Y,0.285,0.233,0.711,0.174,0.711,0.498,0.537,0.363,0.285,1.110610415,0.23701537,0.362914001,0.282675121,0.198702772
Percina notogramma,859,399,30,838,0.035,Y,0.02,0.037,0.421,0.261,0.421,0.221,0.161,0.02,0.02,0.285575773,0.362474563,0.682907894,0.166868696,0.327891974
Percina palmaris,861,400,94,297,0.24,Y,0.133,0.117,0.581,0.263,0.581,0.357,0.318,0.133,0.133,0.840028205,0.357117609,0.896177079,0.146697365,0.261733224
Percina peltata,863,401,352,5873,0.057,Y,0.043,0.065,0.288,0.187,0.288,0.165,0.101,0.043,0.043,1.330983803,0.190536255,0.349546689,0.238242046,0.150848971
Percina phoxocephala,864,402,208,9044,0.022,N,0.018,0.045,0.207,0.153,0.207,0.113,0.054,0.018,0.018,1.849816881,0.201547872,0.166383512,0.158726608,0.083649531
Percina roanoka,866,403,209,800,0.207,Y,0.097,0.156,0.629,0.229,0.629,0.363,0.399,0.17,0.097,1.297980722,0.489775773,1.002502592,0.062941655,0.184380199
Percina sciera,867,404,434,4773,0.083,Y,0.065,0.085,0.278,0.173,0.278,0.172,0.105,0.065,0.065,0.604440629,0.687666052,0.639526861,0.088071753,0.274758977
Percina shumardi,868,405,56,8238,0.007,N,0.006,0.018,0.17,0.144,0.17,0.088,0.026,0.006,0.006,1.127273764,0.412579243,0.323858888,0.088755058,0.067047838
Percina stictogaster,873,406,41,308,0.117,Y,0.078,0.081,0.4,0.202,0.4,0.239,0.198,0.078,0.078,0.384813816,0.324348298,0.511381052,0.423922933,0.185931842
Percina vigil,877,407,52,1342,0.037,Y,0.023,0.045,0.384,0.221,0.384,0.204,0.163,0.023,0.023,0.630114806,0.193547961,0.810365115,0.379951719,0.168442814
Percopsis omiscomaycus,879,408,204,11136,0.018,N,0.015,0.03,0.177,0.174,0.177,0.096,0.015,0.015,0.015,0.73914464,0.360675884,0.406446339,0.380493309,0.131017679
Petromyzon marinus,882,409,127,6585,0.019,N,0.016,0.022,0.155,0.155,0.155,0.086,0.016,0.016,0.016,0.501397662,0.287785887,0.368157827,0.234976454,0.375270618
Phenacobius catostomus,883,410,68,473,0.126,Y,0.102,0.084,0.291,0.14,0.291,0.196,0.151,0.102,0.102,1.092941386,0.186540004,0.276193991,0.204212733,0.126873973
Phenacobius crassilabrum,884,411,29,1542,0.018,N,0.014,0.034,0.208,0.136,0.208,0.111,0.072,0.014,0.014,0.485482531,0.895229015,0.123554928,0.068972492,0.194324929
Phenacobius mirabilis,885,412,597,6610,0.083,Y,0.061,0.082,0.328,0.227,0.328,0.194,0.101,0.061,0.061,0.879831252,0.310220354,0.306884333,0.302050071,0.127330529
Phenacobius uranops,887,413,53,2004,0.026,N,0.02,0.036,0.223,0.118,0.223,0.122,0.105,0.02,0.02,0.736248984,0.479861857,0.305876552,0.115523352,0.22391181
Pimephales notatus,888,414,6064,23402,0.206,Y,0.17,0.123,0.343,0.148,0.343,0.257,0.195,0.17,0.17,0.337614585,0.586648257,0.361004734,0.121055554,0.115819906
Pimephales promelas,889,415,3245,29183,0.1,Y,0.084,0.077,0.245,0.157,0.245,0.164,0.088,0.084,0.084,0.245420428,0.721051212,0.432194304,0.203464927,0.165117942
Pimephales vigilax,891,416,1031,13254,0.072,Y,0.046,0.081,0.407,0.285,0.407,0.226,0.122,0.046,0.046,1.178280958,0.631102227,0.705061635,0.191745128,0.388498814
Platygobio gracilis,893,417,124,1218,0.092,Y,0.06,0.1,0.415,0.233,0.415,0.237,0.183,0.06,0.06,0.924229913,0.548478202,0.984007903,0.184261778,0.147695964
Poecilia latipinna,895,418,94,660,0.125,Y,0.073,0.095,0.472,0.222,0.472,0.273,0.25,0.073,0.073,0.550959427,0.269613212,0.972109435,0.379597195,0.256449508
Pomoxis annularis,905,419,763,24874,0.03,Y,0.024,0.046,0.22,0.217,0.22,0.122,0.024,0.024,0.024,0.890618763,0.862028999,0.575619469,0.16531786,0.199426778
Pomoxis nigromaculatus,906,420,2049,31678,0.061,Y,0.047,0.072,0.266,0.227,0.266,0.157,0.047,0.047,0.047,0.851704531,0.682882244,0.570284591,0.141221311,0.106106832
Prosopium williamsoni,913,421,306,1799,0.145,Y,0.111,0.121,0.343,0.173,0.343,0.227,0.17,0.111,0.111,1.158498774,0.310807464,0.251793109,0.143753879,0.060726502
Pteronotropis grandipinnis,916,422,47,81,0.367,Y,0.212,0.173,0.621,0.139,0.621,0.417,0.482,0.343,0.212,0.471639594,0.554570446,1.054651018,0.099517145,0.112895659
Pteronotropis hypselopterus,918,423,125,382,0.247,Y,0.164,0.156,0.5,0.204,0.5,0.332,0.297,0.164,0.164,0.354414313,0.259228637,1.185811758,0.146024464,0.056145794
Pteronotropis merlini,919,424,25,50,0.333,Y,0.303,0.048,0.389,0.042,0.389,0.346,0.346,0.304,0.303,0.090099005,0.203524563,0.206491947,0.320901711,0.044738726
Pteronotropis signipinnis,921,425,60,276,0.179,Y,0.131,0.11,0.398,0.19,0.398,0.264,0.208,0.131,0.131,0.917929591,0.139699524,0.481635538,0.13868268,0.247167592
Pteronotropis stonei,922,426,25,572,0.042,Y,0.027,0.048,0.336,0.171,0.336,0.182,0.164,0.027,0.027,0.889515585,0.111194143,0.716635541,0.140956061,0.04537584
Ptychocheilus grandis,929,427,33,97,0.254,Y,0.105,0.14,0.684,0.211,0.684,0.394,0.473,0.263,0.105,1.512154904,0.457933297,0.074961764,0.228378184,0.129852598
Ptychocheilus oregonensis,931,428,72,288,0.2,Y,0.116,0.132,0.521,0.234,0.521,0.319,0.287,0.116,0.116,0.837729028,0.788343821,0.185832279,0.196885127,0.386336286
Pylodictis olivaris,934,429,926,19636,0.045,Y,0.032,0.073,0.325,0.246,0.325,0.178,0.079,0.032,0.032,2.03682085,0.36582379,0.360502348,0.119467114,0.112735723
Rhinichthys atratulus,936,430,8395,21422,0.282,Y,0.165,0.175,0.579,0.225,0.579,0.372,0.354,0.165,0.165,0.578500427,0.917785941,0.589792122,0.292887955,0.15012495
Rhinichthys cataractae,937,431,6875,21824,0.24,Y,0.168,0.155,0.467,0.203,0.467,0.318,0.264,0.168,0.168,0.93649818,0.537050459,0.476919195,0.153218248,0.148276058
Rhinichthys obtusus,942,432,4175,15579,0.211,Y,0.16,0.126,0.403,0.173,0.403,0.281,0.229,0.16,0.16,0.630142073,0.266893469,0.504838342,0.16821935,0.181782347
Rhinichthys osculus,943,433,397,1306,0.233,Y,0.176,0.132,0.419,0.169,0.419,0.297,0.25,0.176,0.176,0.196506373,0.512590891,0.518146994,0.084448852,0.108273511
Richardsonius balteatus,951,434,194,1174,0.142,Y,0.095,0.123,0.422,0.243,0.422,0.259,0.179,0.095,0.095,0.195290795,0.699136433,1.089436454,0.142242488,0.20726359
Salmo salar,955,435,92,3208,0.028,N,0.016,0.038,0.44,0.254,0.44,0.228,0.186,0.016,0.016,0.777058654,0.732268036,0.557551614,0.598659768,0.533665864
Salmo trutta,957,436,10633,20838,0.338,Y,0.206,0.167,0.597,0.207,0.597,0.401,0.39,0.206,0.206,0.690315903,0.538437078,0.378403565,0.190188726,0.118798079
Salvelinus fontinalis,963,437,8531,21103,0.288,Y,0.166,0.152,0.589,0.214,0.589,0.377,0.375,0.166,0.166,0.649953147,0.278154625,0.619975082,0.193093336,0.171822469
Salvelinus namaycush,966,438,47,8253,0.006,N,0.004,0.025,0.288,0.181,0.288,0.146,0.107,0.004,0.004,0.436635981,0.064010669,1.687409875,0.128910677,0.016399415
Sander canadensis,967,439,635,13167,0.046,Y,0.023,0.071,0.519,0.291,0.519,0.271,0.228,0.023,0.023,1.930409044,0.496572728,0.607574219,0.245761803,0.179348333
Sander vitreus,969,440,1524,28123,0.051,Y,0.035,0.075,0.355,0.238,0.355,0.195,0.117,0.035,0.035,1.495326505,0.52451761,0.469069728,0.20843271,0.181337886
Scaphirhynchus platorynchus,973,441,51,5319,0.009,N,0.005,0.028,0.423,0.255,0.423,0.214,0.168,0.005,0.005,2.386745936,0.128686727,0.257448894,0.171170523,0.135200994
Semotilus atromaculatus,976,442,15182,19139,0.442,Y,0.298,0.219,0.623,0.172,0.623,0.46,0.452,0.298,0.298,0.64728698,0.351483654,0.464088837,0.154488459,0.113347789
Semotilus corporalis,977,443,1799,8055,0.183,Y,0.133,0.12,0.403,0.195,0.403,0.268,0.208,0.133,0.133,0.591385725,0.528497985,0.430456099,0.212857792,0.175131156
Semotilus thoreauianus,979,444,126,708,0.151,Y,0.118,0.1,0.342,0.188,0.342,0.23,0.154,0.118,0.118,0.638899436,0.292573558,0.283248595,0.115173479,0.103991357
Strongylura marina,992,445,62,2057,0.029,N,0.017,0.046,0.427,0.227,0.427,0.222,0.2,0.017,0.017,0.939320826,1.145703353,0.475856719,0.167428816,0.057769174
Thoburnia rhothoeca,997,446,134,732,0.155,Y,0.094,0.114,0.483,0.193,0.483,0.288,0.29,0.097,0.094,0.720087693,0.452045638,1.267489607,0.229615697,0.318988736
Trinectes maculatus,1006,447,135,1842,0.068,Y,0.03,0.072,0.583,0.252,0.583,0.306,0.331,0.079,0.03,1.350134534,0.612885515,0.979753259,0.284178119,0.454682323
Umbra limi,1009,448,3944,12558,0.239,Y,0.168,0.162,0.465,0.199,0.465,0.316,0.265,0.168,0.168,0.691114154,0.92702621,0.504107172,0.264433452,0.136206775
Umbra pygmaea,1010,449,428,4207,0.092,Y,0.047,0.1,0.535,0.276,0.535,0.291,0.259,0.047,0.047,0.515269644,0.686105031,1.403055646,0.122863605,0.099243576
