Species,SpeciesID,ModelID,WA_Lower,WA_Upper,Elev_Lower,Elev_Upper,Slope_Lower,Slope_Upper,IWI_Lower,IWI_Upper,BMMI_lower,BMMI_Upper
Acantharchus pomotis,1,1,1.2411,17818.0083,0,377.7016003,0,0.0155238,0.195285706,0.895189779,0.128333333,0.744333333
Acipenser fulvescens,3,2,96.7887,51202.737,150.0279519,496.7033085,0,0.00244372,0.166557322,0.866752365,0.107666667,0.652
Alosa aestivalis,9,3,5.805,41081.3316,12.57859391,502.2487423,0,0.01398089,0.176287604,1,0.152333333,0.747333333
Alosa chrysochloris,11,4,2.205,10000000,15.61093824,1119.637432,0,0.0175,0.13944183,0.852625501,0,0.708333333
Alosa pseudoharengus,13,5,4.4451,64790.001,12.57859391,743.1775595,0,0.0557475,0.16706749,0.867595451,0,1
Alosa sapidissima,14,6,4.3002,612070.6671,11.45094944,1296.656166,0,0.07265038,0.206854085,0.876382762,0.128666667,0.856666667
Ambloplites ariommus,16,7,1.1214,45965.9133,22.42107656,669.8661765,0,0.0696134,0.147028627,0.886509845,0.112666667,0.756333333
Ambloplites cavifrons,17,8,23.8833,3734.676,67.61540765,545.2042781,0,0.00540803,0.184710325,0.866225337,0.110333333,0.444
Ambloplites constellatus,18,9,1.4391,2777.8635,169.2892637,607.2532393,0,0.06320794,0.232785505,0.896774963,0.177666667,1
Ambloplites rupestris,19,10,0.3303,210841.0344,0,2210.158079,0,0.16704895,0,1,0,0.899
Ameiurus brunneus,22,11,1.8612,44443.8783,28.2957306,918.2196559,0,0.03726133,0.13443419,0.884750748,0,0.752
Ameiurus catus,23,12,1.2411,67603.4217,0,1961.33528,0,0.02170542,0.143951509,1,0,1
Ameiurus melas,24,13,0.9549,10000000,0,2678.093335,0,0.0344874,0.136479632,1,0,0.834333333
Ameiurus natalis,25,14,0.8388,2421454.072,0,2741.456645,0,0.13842105,0.130844101,1,0,1
Ameiurus nebulosus,26,15,0.8505,69330.2148,0,1739.639019,0,0.13195266,0.121904356,1,0,1
Ameiurus platycephalus,27,16,2.5866,5065.1766,14.91910262,993.2618577,0,0.02550837,0.1862503,1,0,0.755333333
Amia calva,29,17,0.7092,10000000,0,804.128069,0,0.01658172,0.138716105,1,0,0.747333333
Ammocrypta beanii,30,18,3.1212,17513.4285,20.6565883,174.6806798,0,0.00719873,0.17972859,0.758482951,0.171333333,0.736
Ammocrypta bifascia,31,19,27.3933,45965.9133,32.47089103,163.7373237,0,0.00343541,0.285121536,0.865520733,0.468333333,0.769
Ammocrypta pellucida,34,20,0.9342,5984.7795,61.30704239,530.1520219,0,0.00411654,0.168238266,0.872699812,0.109333333,0.671333333
Ammocrypta vivax,35,21,12.6837,24253.9686,41.71057208,263.4924665,0,0.00301455,0.17972859,0.867782869,0.128,0.611666667
Anchoa mitchilli,38,22,0.3483,10000000,0,686.3239555,0,0.00075789,0.174968741,0.876211352,0.147333333,0.717666667
Anguilla rostrata,39,23,0.3483,10000000,0,766.4005977,0,0.09329276,0.13944183,1,0,1
Aphredoderus sayanus,41,24,0.9009,10000000,0,685.7678453,0,0.02006195,0.130844101,1,0,0.867333333
Aplodinotus grunniens,42,25,0.9009,10000000,0,1858.889598,0,0.04421033,0.127002763,1,0,1
Astyanax mexicanus,46,26,45.2439,447954.0381,0,1488.570002,0,0.00405877,0.189034983,1,0.422333333,0.816333333
Atractosteus spatula,47,27,3.3201,10000000,0,925.4936265,0,0.02803019,0.15699367,0.886004146,0.124,0.612333333
Campostoma anomalum,50,28,0.3303,376219.7721,0,2776.33318,0,0.24799011,0,1,0,1
Campostoma oligolepis,51,29,0.9549,8037.1278,55.51444056,1070.874324,0,0.13842105,0.130844101,1,0,0.779333333
Campostoma pauciradii,53,30,3.4506,439.8651,110.5702742,734.2185177,0,0.02596994,0.150249698,0.864312687,0.136666667,0.748333333
Campostoma spadiceum,54,31,1.8729,112423.3623,118.7461941,690.7739186,0,0.03126228,0.1427395,0.8909221,0.117333333,0.734
Carassius auratus,55,32,1.1178,306804.2499,0,2762.641829,0,0.05712489,0.162095378,1,0.104333333,0.797666667
Carpiodes carpio,56,33,1.0701,10000000,0,2480.714946,0,0.0175,0.127002763,1,0,0.734
Carpiodes cyprinus,57,34,1.7649,10000000,22.42107656,1971.579892,0,0.03588301,0,1,0,0.837666667
Carpiodes velifer,60,35,5.2443,681629.9913,0,1145.19195,0,0.01066098,0.154349786,0.866580951,0.101333333,0.781666667
Catostomus ardens,61,36,16.9551,41575.86,1386.971937,2932.658747,0,0.04465968,0.336569789,0.867846386,0.27,1
Catostomus catostomus,63,37,0,454472.3241,177.2293874,6000,0,0.08051094,0.144763499,1,0,0.835666667
Catostomus clarkii,64,38,66.9195,44701.9983,1491.403746,2743.789203,0,0.02967948,0.417222679,0.88854056,0.224333333,0.323
Catostomus columbianus,65,39,1.2105,62321.4729,100.0494265,2349.611175,0,0.03305436,0.191614679,0.893747057,0.248666667,1
Catostomus commersonii,66,40,0,681629.9913,0,3352.191859,0,0.24799011,0,1,0,1
Catostomus discobolus,67,41,3.8061,343942.5519,1427.860317,3036.121092,0,0.04267502,0.375271306,0.8840282,0.27,0.74
Catostomus latipinnis,70,42,8.0226,411736.2057,1427.860317,2859.09276,0,0.02742285,0.4326122,0.884374,0.246666667,0.74
Catostomus macrocheilus,71,43,0,612070.6671,57.90531927,2386.909993,0,0.03367692,0.136377013,1,0.184666667,1
Catostomus occidentalis,73,44,2.0133,48195.1458,42.79880542,2739.558825,0,0.06687289,0.182318357,1,0.416,0.85
Catostomus platyrhynchus,74,45,1.2105,29590.0065,731.9436835,6000,0,0.07157281,0.156374958,1,0.153,1
Centrarchus macropterus,85,46,1.2186,10000000,0,687.9466138,0,0.01925948,0.130844101,1,0.116,0.755333333
Chrosomus cumberlandensis,95,47,1.5723,582.66,318.6698514,797.8090667,0,0.11079593,0.179899384,0.844489448,0.109,0.599333333
Chrosomus eos,96,48,0.9342,14713.8876,61.30704239,1701.112955,0,0.09794544,0.148176455,1,0,0.780666667
Chrosomus erythrogaster,97,49,0.9549,2528.6355,79.71783189,797.8090667,0,0.07537086,0,1,0,0.779333333
Chrosomus neogaeus,98,50,1.1808,775.8459,100.1049857,606.1601996,0,0.02417744,0.155875268,1,0,0.780666667
Chrosomus oreas,99,51,0.3303,1129.1859,0,1186.795357,0,0.10022537,0.204292902,1,0,0.836
Clarias batrachus,104,52,2.1627,7984.0449,0,40.19443681,0,0.00086143,0.305446198,1,0.151,0.492666667
Clinostomus elongatus,106,53,1.62,10845.7011,117.8877799,711.9130754,0,0.05094331,0.138525581,1,0,0.771
Clinostomus funduloides,107,54,0,6630.9624,0,1244.917558,0,0.16457158,0.132929212,1,0,0.836
Cottus aleuticus,126,55,6.3468,34511.4594,56.23913638,1373.494461,0,0.03617798,0.162628062,1,0.267666667,0.827666667
Cottus asper,127,56,9.2277,192541.5261,0,2551.737156,0,0.071168,0.207323939,1,0.238333333,0.870666667
Cottus bairdii,130,57,0,521568.6786,89.69932933,6000,0,0.21227318,0.119208748,1,0,1
Cottus beldingii,131,58,1.8828,23729.0472,234.5731255,3137.973117,0,0.2146222,0.139110693,0.882607937,0.265,1
Cottus caeruleomentum,133,59,0.3303,2060.0217,0,1044.29199,0,0.09984029,0.212955792,0.882283136,0.171333333,0.802333333
Cottus carolinae,134,60,0.8388,25870.9068,44.21763594,1079.70365,0,0.17954333,0.132929212,1,0.102333333,1
Cottus chattahoochee,135,61,0.9747,4339.6398,99.97399542,734.2185177,0,0.13404539,0.1337433,0.897638852,0,0.735333333
Cottus cognatus,136,62,0.8496,27248.0265,70.73461209,2135.192034,0,0.12716043,0.134575971,1,0,0.884666667
Cottus confusus,137,63,0,27248.0265,111.2302453,2509.191578,0,0.1118539,0.208366311,0.879243402,0.204666667,1
Cottus girardi,140,64,1.7631,10482.1362,170.889872,988.8540297,0,0.09984029,0.238959588,0.835724965,0.124333333,0.680666667
Cottus gulosus,142,65,6.3468,25136.4789,56.23913638,2551.737156,0,0.04357142,0.182318357,0.887725167,0.308333333,1
Cottus perplexus,150,66,2.1195,24877.2663,50.65922717,1736.041883,0,0.15070023,0.135022832,1,0.136666667,1
Cottus rhotheus,153,67,6.4476,521568.6786,56.23913638,2055.901569,0,0.1118539,0.135022832,1,0.204666667,1
Cottus tallapoosae,161,68,2.61,395.8767,267.409771,385.3697759,0.00031766,0.01887774,0.250987056,0.867430963,0.375,0.616666667
Couesius plumbeus,163,69,2.205,3912.9876,112.2498985,6000,0,0.09794544,0.172281596,0.894851094,0.130333333,0.729333333
Ctenopharyngodon idella,172,70,1.3518,10000000,0,2009.133569,0,0.01144186,0.13062952,0.877976368,0.101333333,0.692666667
Culaea inconstans,173,71,0,152793.3816,72.11143607,2927.63522,0,0.05912087,0.119208748,1,0,0.834333333
Cycleptus elongatus,174,72,2.0061,10000000,88.27745917,1522.302788,0,0.0081394,0.150596877,0.866580951,0,0.654666667
Cyprinella analostana,177,73,0.5913,34574.2605,0,708.4995923,0,0.03196029,0.165764357,1,0,0.89
Cyprinella callisema,179,74,3.5487,36542.2761,57.67016451,294.7174743,0,0.0135886,0.215581394,1,0.166333333,0.747333333
Cyprinella callistia,180,75,4.788,5535.5931,98.2504392,723.1349833,0,0.02706702,0.220953668,1,0.127666667,0.691
Cyprinella camura,182,76,1.098,2297004.321,34.84488383,697.4323713,0,0.00978531,0.151327239,0.797649931,0,0.736333333
Cyprinella chloristia,183,77,1.7775,1031.0328,116.9537166,694.5440578,0,0.03180166,0.201147429,1,0,0.755333333
Cyprinella galactura,185,78,1.0116,25870.9068,132.2955558,1189.091539,0,0.16704895,0.149053218,1,0,1
Cyprinella gibbsi,186,79,3.4047,491.5485,267.409771,384.7021781,0.00031766,0.01918181,0.344220434,0.867430963,0.375,0.672666667
Cyprinella labrosa,187,80,23.2893,634.2543,254.7870314,656.6922608,0,0.01145593,0.201147429,0.88657716,0.218333333,0.599
Cyprinella leedsi,188,81,164.4993,23062.0707,39.17439732,347.5279068,0,0.0011741,0.27298457,0.864984305,0.157,0.615
Cyprinella lutrensis,191,82,1.0701,10000000,27.49439168,2927.63522,0,0.02302564,0,1,0.108333333,1
Cyprinella nivea,193,83,3.3489,37975.4001,33.54145711,656.6922608,0,0.01444494,0.246057284,0.875225134,0,0.755333333
Cyprinella pyrrhomelas,195,84,1.7775,24153.1236,82.6163875,847.9704611,0,0.03180166,0.201147429,0.88657716,0.110333333,0.715333333
Cyprinella spiloptera,196,85,0.9342,762826.1742,22.05400617,1145.19195,0,0.04236111,0,1,0,0.837666667
Cyprinella trichroistia,197,86,2.4309,496.7739,130.8653046,723.1349833,0,0.0696134,0.227062301,1,0.125,0.715
Cyprinella venusta,198,87,0.9009,10000000,10.59868085,1488.570002,0,0.02766978,0.13944183,1,0,1
Cyprinella venusta cercostigma,199,88,1.8558,21355.1487,0,148.8237294,0,0.00946076,0.204223637,0.890947077,0.171333333,0.686
Cyprinella whipplei,200,89,1.1214,144358.4133,40.64936748,843.2685091,0,0.02766978,0.144282787,1,0.112666667,0.786333333
Cyprinella zanema,202,90,1.7775,634.2543,142.4210594,656.6922608,0.0006574,0.01895843,0.201147429,0.817750339,0.212666667,0.755333333
Cyprinodon rubrofluviatilis,213,91,5.9445,72543.5964,418.7453084,1504.527852,0,0.00322763,0.1741126,1,0.148333333,0.588
Cyprinus carpio,217,92,0.9009,10000000,0,2961.31564,0,0.13466666,0.121904356,1,0,1
Dorosoma cepedianum,227,93,0.3483,10000000,0,2678.093335,0,0.10939421,0.127002763,1,0,1
Dorosoma petenense,228,94,1.3311,10000000,0,2174.310741,0,0.01821428,0.13944183,1,0.122333333,1
Elassoma zonatum,236,95,0.9774,23495.7663,0,600.0754882,0,0.01504593,0.1556185,1,0.125333333,0.753
Enneacanthus gloriosus,243,96,1.1853,50533.6923,0,711.0925465,0,0.0557475,0.169221305,1,0,0.755333333
Enneacanthus obesus,244,97,1.1124,11180.0628,0,158.2000287,0,0.01004399,0.21317022,0.861607143,0,0.699
Erimystax dissimilis,256,98,0.891,29555.973,154.1904242,848.2540945,0,0.03783466,0.181183775,1,0.163333333,0.781666667
Erimystax insignis,258,99,2.4318,5348.4246,195.9973186,1081.505391,0,0.16704895,0.186421219,0.876397508,0.265666667,0.739666667
Erimystax x-punctatus,259,100,1.1214,15350.0301,42.37779294,407.4121118,0,0.00276329,0.16819069,0.860099535,0.106333333,0.636666667
Erimyzon oblongus,261,101,1.0701,34574.2605,0,756.0613333,0,0.10057783,0.130844101,1,0,1
Erimyzon sucetta,262,102,2.1249,50533.6923,0,407.2768634,0,0.01085133,0.165733831,1,0.126,0.753
Erimyzon tenuis,263,103,2.3607,21161.1141,14.67040848,135.8773827,0,0.01085133,0.314160378,0.890947077,0.307666667,0.683666667
Esox americanus,264,104,0.5562,58113.0423,0,607.000155,0,0.11433483,0.132984588,1,0,0.834333333
Esox americanus vermiculatus,265,105,2.8539,20372.8374,0,593.9704041,0,0.05283487,0.166864232,1,0,0.721666667
Esox lucius,266,106,1.0323,454472.3241,61.62057497,2927.63522,0,0.13842105,0.145857139,1,0,0.813666667
Esox masquinongy,268,107,1.7649,115851.0996,79.65881869,2842.606233,0,0.13842105,0.15425004,1,0,0.837666667
Esox niger,269,108,0.8505,50862.7071,0,832.2225508,0,0.13195266,0.142874783,1,0,0.856666667
Etheostoma artesiae,272,109,1.5039,6352.407,48.62537882,331.1407815,0,0.02766978,0.190155025,0.845480388,0.217666667,0.758666667
Etheostoma asprigene,273,110,0.9009,2298705.424,21.5149821,697.0027864,0,0.02162926,0.149481991,0.893237257,0.138666667,0.684333333
Etheostoma atripinne,274,111,1.1178,2859.8229,172.9717739,559.879239,0,0.04614532,0.134952097,1,0.139,0.744
Etheostoma baileyi,276,112,1.5723,5121.0225,295.6066924,745.9841419,0,0.11079593,0.137605365,0.844028847,0,0.706
Etheostoma barrenense,278,113,4.7124,447.3261,0,282.0772735,0,0.01486388,0.213050897,1,0.302,0.558
Etheostoma bellum,281,114,4.7124,4422.4101,189.7322874,336.5304551,0,0.01486388,0.164732948,1,0.132,0.558
Etheostoma blennioides,283,115,0.8388,104127.9876,42.37779294,1406.014681,0,0.24799011,0.126159681,1,0,0.837666667
Etheostoma blennius,284,116,9.4149,5348.4246,14.67040848,508.6627738,0,0.00864748,0.158188859,1,0.197666667,0.739666667
Etheostoma caeruleum,289,117,0.8388,65496.9978,61.85072813,988.8540297,0,0.13842105,0,1,0,1
Etheostoma camurum,290,118,2.2383,21430.4022,247.9986332,1070.874324,0,0.04962504,0.157654791,0.876468175,0.222333333,0.694666667
Etheostoma chlorobranchium,294,119,2.4318,3450.1419,705.5602609,1457.942517,0,0.16704895,0.201872814,0.872535557,0.273,0.764
Etheostoma chlorosomum,295,120,0.9459,64718.9964,0,578.4492825,0,0.01882501,0.132984588,1,0.108333333,0.816333333
Etheostoma cinereum,297,121,2.8674,2805.2136,338.9669332,751.6611433,0,0.0260741,0.151316356,0.776301599,0.222333333,0.572
Etheostoma collettei,298,122,1.1214,112423.3623,26.46022942,536.5232804,0,0.02006195,0.1486062,0.860439448,0.141,0.661666667
Etheostoma collis,299,123,8.3205,324.8469,93.90467026,272.0270007,0,0.00567691,0.235712487,0.776429713,0.135666667,0.538666667
Etheostoma colorosum,300,124,4.9014,10753.8939,35.10043185,150.3778096,0,0.02179039,0.165309349,0.886509845,0.145333333,0.769
Etheostoma coosae,301,125,1.7874,469.9845,148.6197209,686.2675319,0,0.02855413,0.227062301,0.88957868,0.12,0.691
Etheostoma crossopterum,304,126,1.62,2664.6651,126.6210499,331.5569542,0,0.01534653,0.166681143,1,0.139,0.744
Etheostoma davisoni,306,127,1.7109,11351.9799,22.42107656,151.3090122,0,0.00907734,0.179585198,0.815065813,0.144666667,0.666666667
Etheostoma duryi,311,128,1.2528,1719.5895,181.5967943,641.8670682,0,0.02313048,0.255258722,1,0.197666667,0.779333333
Etheostoma edwini,312,129,2.2824,23062.0707,24.31761041,180.9825512,0,0.00739467,0.243379982,0.865946856,0.108666667,0.705666667
Etheostoma exile,317,130,1.1808,25021.3626,113.6982324,2741.456645,0,0.02998268,0.144633629,1,0.111666667,0.782333333
Etheostoma flabellare,318,131,0.7209,23203.1979,75.97519283,1340.073042,0,0.20083333,0,1,0,0.837666667
Etheostoma brevispinum,287,132,2.1159,520.6167,210.3467989,854.8141486,0,0.08131132,0.201147429,1,0.145666667,0.724666667
Etheostoma flavum,319,133,0.891,6630.9624,153.4585821,326.79267,0,0.02355733,0.164396976,1,0.194666667,0.770666667
Etheostoma forbesi,321,134,3.1059,66993.2757,44.2741296,719.976407,0,0.04760351,0.134012858,1,0.111666667,0.881
Etheostoma fusiforme,324,135,2.1627,23495.7663,0,1007.756677,0,0.0155238,0.182349497,1,0.151,0.672333333
Etheostoma gracile,325,136,0.8703,275662.143,0,884.5834315,0,0.01981984,0.132984588,1,0.108333333,0.816333333
Etheostoma histrio,328,137,1.1214,10753.8939,34.9867863,337.9487177,0,0.02179039,0.158188859,0.8914477,0.128,0.739666667
Etheostoma hopkinsi,329,138,2.5902,5710.3551,57.67016451,308.8291008,0,0.02315789,0.13443419,1,0.136666667,0.752
Etheostoma inscriptum,330,139,2.5866,1440.0891,62.60659606,622.8912929,0,0.02315789,0.13443419,0.867812705,0.166333333,0.558333333
Etheostoma jessiae,331,140,2.2455,4399.5321,244.0255736,1002.014864,0,0.02313048,0.244637827,1,0.197666667,0.693333333
Etheostoma jordani,333,141,1.8252,2659.4631,108.49214,669.8661765,0,0.0696134,0.227062301,0.85991748,0.12,0.691
Etheostoma kanawhae,335,142,5.724,157.8474,772.9497603,1240.571813,0.0002881,0.020907,0.204292902,0.860577858,0.265666667,0.607333333
Etheostoma kennicotti,337,143,1.503,6630.9624,136.3229311,1002.014864,0,0.11079593,0.152707759,0.882259733,0,0.747333333
Etheostoma lawrencei,340,144,2.2131,1924.3206,176.7781531,421.1635624,0,0.03529498,0.164093638,0.896560148,0.181666667,0.654
Etheostoma longimanum,343,145,0.3303,2060.0217,0,892.2072822,0,0.01735733,0.216393422,0.855567184,0.200333333,0.777
Etheostoma lynceum,345,146,1.5264,2421.6687,47.99158342,174.6806798,0,0.00497949,0.17972859,0.867464059,0,0.736
Etheostoma microperca,351,147,2.115,20555.3916,258.8929256,502.4566343,0,0.01272894,0.1960241,1,0.148,0.657
Etheostoma nigripinne,356,148,1.2528,1909.2708,169.4021557,337.1209264,0,0.01482104,0.255258722,1,0.197666667,0.779333333
Etheostoma nigrum,357,149,0.9342,762826.1742,0,2675.362378,0,0.13842105,0,1,0,0.802333333
Etheostoma obeyense,359,150,1.9269,2805.2136,242.4219453,482.6954352,0,0.06639701,0.215919656,0.896560148,0.230666667,0.642333333
Etheostoma olmstedi,363,151,0,64790.001,0,1000.993902,0,0.24799011,0.121904356,1,0,0.899
Etheostoma oophylax,364,152,2.2482,509.6385,121.6888909,257.9813951,0,0.02000422,0.266732842,1,0.196333333,0.771333333
Etheostoma parvipinne,368,153,1.1169,6603.9588,14.67040848,175.4180035,0,0.02297029,0.159541443,0.867670567,0.134666667,0.660666667
Etheostoma podostemone,373,154,6.984,5738.8662,188.5688369,889.2558895,0,0.01361216,0.170554858,0.697557364,0.146333333,0.463
Etheostoma proeliare,374,155,0.9009,6992.5788,0,337.9487177,0,0.01928742,0.1562051,0.883232233,0.127333333,0.706
Etheostoma punctulatum,376,156,1.4391,4183.7373,128.9995313,607.2532393,0,0.03173333,0.1544947,0.877708495,0.177666667,0.638
Etheostoma radiosum,378,157,1.1214,76878.3726,42.37779294,628.8055695,0,0.03126228,0.1427395,1,0.112666667,0.652666667
Etheostoma rafinesquei,379,158,6.2001,6780.2094,189.4263185,353.0175798,0,0.01569444,0.242971014,0.79950204,0.132,0.587
Etheostoma ramseyi,380,159,5.8185,569.3778,44.21763594,649.5109531,0,0.01613817,0.23760146,0.786381883,0.298666667,0.758666667
Etheostoma rufilineatum,383,160,0.8388,13178.8575,135.749006,1074.768076,0,0.0696134,0.150778705,1,0.155666667,0.744
Etheostoma rupestre,384,161,10.4904,2659.4631,55.51444056,278.0053144,0,0.00760796,0.232371329,0.814940672,0.217666667,0.733666667
Etheostoma sagitta,385,162,1.0296,4737.8133,299.5132802,790.224474,0,0.1108703,0.137605365,0.875950574,0.109,0.736
Nothonotus sanguifluus,692,163,2.5929,2805.2136,297.5682023,641.8670682,0,0.06513092,0.167408852,0.811702508,0.234,0.681333333
Etheostoma serrifer,388,164,1.2411,1897.2963,0,171.6250367,0,0.00536287,0.198080916,0.867648515,0,0.672333333
Etheostoma simoterum,389,165,1.0116,13217.8689,151.3826335,1079.70365,0,0.16704895,0.149053218,1,0.194666667,0.762666667
Etheostoma spectabile,397,166,0.8388,76878.3726,93.57273271,2013.277785,0,0.06320794,0.130844101,1,0,1
Etheostoma squamiceps,399,167,2.61,1506.0834,51.95857499,257.3732518,0,0.01794444,0.188520973,0.893903361,0.12,0.577333333
Etheostoma stigmaeum,400,168,1.1214,5348.4246,0,836.115185,0,0.04093371,0.149053218,1,0,0.739666667
Etheostoma swaini,403,169,1.4301,10753.8939,22.42107656,326.7751298,0,0.03598214,0.165309349,1,0,0.736
Etheostoma swannanoa,404,170,2.4318,3450.1419,492.6058917,1457.942517,0,0.16704895,0.286045589,0.872535557,0.262666667,0.667333333
Etheostoma tallapoosae,405,171,3.4047,491.5485,193.0780061,384.1935494,0.00028795,0.01918181,0.250987056,0.867430963,0.375,0.672666667
Etheostoma thalassinum,409,172,1.7775,634.2543,116.9537166,829.6034905,0.00082076,0.03725078,0.201147429,0.867521403,0.177333333,0.713333333
Etheostoma tippecanoe,410,173,490.2147,8680.9464,198.5271043,646.1978697,0,0.00237579,0.17811345,0.821662754,0.328333333,0.485666667
Etheostoma variatum,414,174,2.5902,21430.4022,233.2634867,925.2502777,0,0.04236111,0.137605365,0.892426093,0.147,0.781666667
Etheostoma virgatum,415,175,1.62,2190.5325,216.9419638,527.5133385,0,0.01764596,0.158647087,1,0.152333333,0.604333333
Etheostoma vitreum,416,176,10.7352,7020.2583,27.01038116,681.0366058,0,0.01361216,0.210997693,0.890042261,0.133666667,0.89
Etheostoma whipplei,419,177,1.8729,120088.4418,19.23556871,1070.281348,0,0.02522327,0.15434588,1,0.112666667,0.736
Etheostoma zonale,420,178,1.1214,67603.4217,42.37779294,1085.244207,0,0.06320794,0,1,0,0.837666667
Etheostoma zonistium,422,179,2.7234,630.2574,134.9270762,226.7276349,0,0.01466896,0.332879213,0.882259733,0.288,0.727666667
Exoglossum laurae,424,180,4.4703,1581.9921,346.4967969,1209.131819,0,0.02545806,0.177490519,1,0.125333333,0.652666667
Exoglossum maxillingua,425,181,0.3303,61034.7447,0,988.8540297,0,0.13195266,0.134012858,1,0,0.899
Fundulus blairae,429,182,1.1853,17315.451,11.682612,252.2697625,0,0.00850151,0.222620614,0.890853812,0.273333333,0.625666667
Fundulus catenatus,430,183,0.891,32497.1415,42.37779294,907.7197183,0,0.06320794,0.150778705,1,0,1
Fundulus chrysotus,431,184,1.5084,23062.0707,0,116.4300648,0,0.00699248,0.1556185,1,0.108333333,0.625666667
Fundulus diaphanus,434,185,1.5039,104599.746,0,1537.41902,0,0.03420973,0.152195732,1,0,1
Fundulus heteroclitus,439,186,4.6287,34556.283,0,377.7016003,0,0.01231738,0.192216635,0.865851352,0.105333333,0.629
Fundulus kansae,442,187,5.9445,74829.5208,570.914292,1666.639032,0,0.00277372,0.1993519,0.8647307,0.381,0.487333333
Fundulus lineolatus,443,188,15.7986,23506.9767,13.7761872,180.6164079,0,0.00415378,0.218373797,0.892714166,0.173,0.643666667
Fundulus notatus,445,189,0.8703,2421454.072,0,1161.472272,0,0.02000422,0.127002763,1,0,1
Fundulus olivaceus,447,190,0.8388,172128.1788,0,1070.281348,0,0.06320794,0.130844101,1,0,1
Fundulus rathbuni,449,191,2.9925,385.8075,93.13620915,430.438038,0,0.01444494,0.202774521,0.886789926,0,0.630666667
Fundulus seminolis,452,192,2.1627,23506.9767,0,53.81216596,0,0.00422029,0.218373797,1,0.143666667,0.579333333
Fundulus stellifer,453,193,4.788,2155.2309,178.8331086,669.8661765,0,0.02325766,0.23375094,0.89861756,0.127666667,0.691
Fundulus zebrinus,455,194,4.2048,144989.0109,254.7750338,2656.990083,0,0.01392792,0.1577297,1,0.148333333,0.886666667
Gambusia affinis,456,195,0.8451,2326634.798,0,2563.449895,0,0.06687289,0.130844101,1,0,1
Gambusia holbrooki,463,196,0.9054,41081.3316,0,708.4995923,0,0.02396279,0.160802555,1,0,0.755333333
Gasterosteus aculeatus,467,197,3.8466,612070.6671,35.2260616,1523.032667,0,0.03404398,0.162628062,0.894851094,0,0.877
Gila atraria,468,198,8.0226,41575.86,1597.890733,2509.191578,0,0.02135366,0.4326122,0.884374,0.272666667,1
Gila robusta,481,199,26.0253,64760.6007,1427.860317,2856.410766,0,0.01831261,0.417222679,0.88854056,0.224333333,0.74
Herichthys cyanoguttatus,486,200,13.0734,447954.0381,32.61969503,1488.570002,0,0.00547017,0.203656172,1,0.176,1
Hesperoleucus symmetricus,487,201,0.5895,31725.603,209.8924192,1356.970266,0,0.08283805,0.182318357,0.896377822,0.416,0.801666667
Heterandria formosa,488,202,1.5435,23495.7663,0,108.2105774,0,0.00710303,0.209391638,0.89294088,0.143,0.611333333
Hiodon alosoides,489,203,2.9412,10000000,72.16227538,2069.915346,0,0.01003512,0.13944183,0.867842241,0,0.708333333
Hiodon tergisus,490,204,1.1727,10000000,59.99209133,856.4496624,0,0.01841726,0.13944183,0.891624126,0.1,0.672333333
Hybognathus argyritis,493,205,12.0249,201166.6671,340.9546861,1994.874436,0,0.00851902,0.162196182,0.867825724,0.213333333,0.68
Hybognathus hankinsoni,494,206,0.9342,135062.3799,61.30704239,2668.311207,0,0.03068469,0.149854934,1,0,0.796
Hybognathus nuchalis,496,207,0.9009,10000000,0,1325.531043,0,0.03182467,0.13944183,0.893564683,0,0.704333333
Hybognathus placitus,497,208,4.2048,275662.143,98.57377726,2014.840865,0,0.01294151,0.172988928,1,0.126666667,0.886666667
Hybognathus regius,498,209,1.2411,41081.3316,0,567.0496606,0,0.01132075,0.170554858,0.878620862,0,0.867333333
Hybopsis amblops,499,210,0.8388,13217.8689,105.963276,1081.505391,0,0.16704895,0.144282787,1,0.117,1
Hybopsis amnis,500,211,4.4181,112423.3623,33.48633783,536.5232804,0,0.01015133,0.1802046,0.872688607,0.227,0.667333333
Hybopsis hypsinotus,501,212,3.1086,520.6167,89.21908514,1000.993902,0,0.08131132,0.1862503,1,0.145666667,0.755333333
Hybopsis lineapunctata,502,213,3.4047,491.5485,111.8963461,384.7021781,0.00031766,0.01918181,0.250987056,0.88957868,0.492666667,0.672666667
Hybopsis rubrifrons,503,214,2.5902,16276.3803,97.20350797,752.1360428,0,0.02525526,0.13443419,0.892714166,0.158,0.755333333
Hybopsis winchelli,505,215,1.8558,45965.9133,20.6565883,734.2185177,0,0.02179039,0.174704729,0.890947077,0.148333333,0.733666667
Hypentelium etowanum,507,216,2.1447,4776.0462,44.21763594,776.0764901,0,0.02855413,0.177218978,1,0.12,0.748333333
Hypentelium nigricans,508,217,0,151886.9025,0,1457.942517,0,0.16704895,0,1,0,1
Hypentelium roanokense,509,218,3.9168,5738.8662,136.9082819,689.7387477,0,0.02684964,0.201632131,0.853227229,0.171333333,0.697666667
Hypophthalmichthys molitrix,513,219,1.3311,10000000,0,1119.637432,0,0.00719047,0.146892944,1,0,0.708333333
Ichthyomyzon bdellium,517,220,9.7785,30122.1747,144.8185367,1085.244207,0,0.00707369,0.169298721,1,0.163333333,0.573
Ichthyomyzon castaneus,518,221,3.699,10000000,41.9732936,1070.874324,0,0.02725714,0.157261655,0.875987982,0,0.688333333
Ichthyomyzon fossor,519,222,4.2237,3381.0003,106.1000522,531.8520297,0,0.01442825,0,1,0,0.721333333
Ichthyomyzon gagei,520,223,1.2528,10817.1351,16.60549602,734.2185177,0,0.02339006,0.156099612,1,0,0.764333333
Ichthyomyzon greeleyi,521,224,2.1582,2378.8935,267.6261418,1201.843632,0,0.05613496,0.17811345,0.881211138,0.169333333,0.669333333
Ichthyomyzon unicuspis,522,225,11.5983,173143.5876,162.0665702,446.0520174,0,0.00687874,0.147898388,1,0.114666667,0.736333333
Ictalurus furcatus,523,226,0.3483,10000000,0,1393.232798,0,0.01015133,0.13944183,0.8812839,0,0.846333333
Ictalurus punctatus,526,227,0.3483,10000000,0,2678.093335,0,0.10070781,0.131060261,1,0,1
Ictiobus bubalus,528,228,0.3483,10000000,0,2174.310741,0,0.04079841,0.131060261,1,0,1
Ictiobus cyprinellus,529,229,0.9009,10000000,0,1807.797474,0,0.01516853,0.137889935,1,0.101333333,0.709
Ictiobus niger,530,230,1.1214,10000000,0,1161.472272,0,0.01622383,0.137889935,0.8324659,0,0.677
Labidesthes sicculus,533,231,1.1214,10000000,0,1858.889598,0,0.04858611,0.127002763,1,0,0.781666667
Lampetra aepyptera,534,232,0.8388,1719.5895,0,925.2502777,0,0.03879484,0.153602225,0.886783946,0.102333333,0.779333333
Lampetra richardsoni,537,233,9.2277,2546.5734,51.07638776,1117.411215,0,0.03246323,0.498968675,0.890514799,0.235,1
Lepisosteus oculatus,548,234,0.3483,10000000,0,1488.570002,0,0.01086857,0.132984588,1,0.124,1
Lepisosteus osseus,549,235,1.5435,10000000,0,1429.047653,0,0.092,0.127002763,1,0,1
Lepisosteus platostomus,550,236,0.9009,10000000,0,1784.679178,0,0.01003512,0.13062952,1,0,0.708333333
Lepisosteus platyrhincus,551,237,0.7092,49540.9284,0,162.0696627,0,0.00422029,0.209391638,1,0.143666667,0.615
Lepomis auritus,552,238,0,447954.0381,0,1488.570002,0,0.13195266,0.13443419,1,0,0.89
Lepomis cyanellus,553,239,0,10000000,0,2961.31564,0,0.17954333,0.130323667,1,0,1
Lepomis gibbosus,554,240,0.8496,171158.8023,0,2619.326272,0,0.24799011,0.121904356,1,0,1
Lepomis gulosus,555,241,0.3483,10000000,0,1439.954896,0,0.04147603,0.132984588,1,0,1
Lepomis humilis,556,242,0.9009,10000000,0,2301.942645,0,0.02577319,0.127002763,1,0.108333333,0.781666667
Lepomis macrochirus,557,243,0.3483,10000000,0,2618.42782,0,0.24799011,0.121904356,1,0,1
Lepomis marginatus,558,244,1.098,71549.9307,0,655.1867204,0,0.01589285,0.142114365,1,0.125333333,0.752
Lepomis megalotis,559,245,0.8388,10000000,0,2174.310741,0,0.11079593,0.126159681,1,0,1
Lepomis microlophus,560,246,0.3483,10000000,0,2240.110321,0,0.092,0.138716105,1,0,1
Lepomis miniatus,561,247,0.9774,10000000,0,721.9804058,0,0.02006195,0.142874783,1,0.102,0.816333333
Lepomis punctatus,563,248,0.3483,172128.1788,0,616.4399311,0,0.03598214,0.143951509,1,0.116333333,1
Lepomis symmetricus,564,249,1.5084,7098.9192,0,316.9886958,0,0.00939527,0.1715403,1,0.127333333,0.684333333
Lethenteron appendix,568,250,1.5939,34574.2605,21.26539322,982.9513602,0,0.04653895,0,1,0,0.89
Lota lota,571,251,1.5939,177170.6169,97.73355125,3200.665774,0,0.06793181,0.146895143,1,0,0.820333333
Lucania goodei,572,252,2.7765,23506.9767,0,53.63603071,0,0.00173431,0.143951509,1,0.143666667,0.611333333
Luxilus albeolus,574,253,3.3489,16558.0938,13.26612351,996.423022,0,0.04587641,0.170554858,0.886789926,0,0.676666667
Luxilus cardinalis,575,254,6.1182,2528.6355,206.9776494,548.0304539,0,0.01169445,0.1754512,0.886399,0.142333333,0.576333333
Luxilus cerasinus,576,255,2.3436,1129.1859,50.42330707,957.2106604,0,0.02684964,0.202774521,0.886789926,0,0.797333333
Luxilus chrysocephalus,577,256,0.8388,104599.746,40.64936748,1033.774996,0,0.07883086,0.137605365,1,0,0.786333333
Luxilus coccogenis,578,257,1.5606,13143.3633,261.2532958,1406.014681,0,0.16704895,0.189619168,0.887376731,0.145666667,0.788666667
Luxilus cornutus,579,258,0,171104.7456,0,2665.953306,0,0.24799011,0,1,0,1
Luxilus pilsbryi,580,259,1.4391,6708.2472,169.2892637,607.2532393,0,0.06320794,0.232785505,0.896774963,0.177666667,0.520333333
Luxilus zonatus,581,260,6.8499,8037.1278,132.2955558,431.9837625,0,0.00817955,0.147028627,0.877708495,0.258666667,0.786333333
Luxilus zonistius,582,261,3.4047,161.4213,81.45555112,734.2185177,0,0.02987826,0.150249698,0.886922063,0.168666667,0.719
Lythrurus ardens,584,262,3.4776,7941.3633,13.7761872,857.9274641,0,0.01542937,0.155549297,0.890042261,0.133666667,0.89
Lythrurus atrapiculus,585,263,2.3319,1144.935,57.23797507,313.7563536,0,0.00986331,0.213259671,0.848977358,0.148,0.674333333
Lythrurus bellus,586,264,1.5039,2125.8594,48.62537882,381.4695359,0,0.02766978,0.190155025,0.814940672,0.203333333,0.765666667
Lythrurus fasciolaris,587,265,0.9459,16178.5323,107.5548392,736.844547,0,0.11079593,0.132929212,1,0,0.779333333
Lythrurus fumeus,588,266,0.9009,119730.9915,0,516.1069349,0,0.01589285,0.132984588,1,0,1
Lythrurus lirus,589,267,2.3076,4379.7708,199.6193456,907.7197183,0,0.02051102,0.237503389,1,0.196333333,0.739666667
Lythrurus matutinus,590,268,10.6542,872.5878,32.7091502,206.1546111,0,0.01059743,0.184710325,0.567677305,0.245333333,0.647333333
Lythrurus roseipinnis,591,269,0.9774,21175.2774,33.06188055,252.53079,0,0.01504593,0.167396605,0.878453048,0.171333333,0.686
Lythrurus snelsoni,592,270,6.4944,2488.6323,195.1244207,522.978273,0,0.01390069,0.1721125,0.8909221,0.192,0.351333333
Lythrurus umbratilis,593,271,0.9954,377155.0089,0,2155.7275,0,0.02281987,0.130844101,1,0,0.786333333
Macrhybopsis aestivalis,594,272,5.2443,10000000,20.6565883,1790.835835,0,0.00569343,0.163637371,1,0.176333333,0.678333333
Macrhybopsis hyostoma,598,273,3.2229,274701.6306,97.31936204,1291.702089,0,0.01015133,0.1824291,1,0.169333333,0.587
Macrhybopsis storeriana,602,274,3.1212,10000000,24.28028053,1786.833116,0,0.0175,0.149891921,0.8812839,0,0.708333333
Margariscus margarita,605,275,1.5579,14713.8876,70.26395875,2741.456645,0,0.06168983,0.136479632,1,0,0.796
Menidia beryllina,610,276,0.3483,10000000,0,1731.059692,0,0.00971291,0.149481991,1,0.122666667,1
Micropterus cataractae,614,277,45.3438,19639.3194,73.50718711,458.6229847,0,0.05303097,0.150475755,0.884041942,0.162333333,0.691333333
Micropterus coosae,615,278,1.7874,44443.8783,46.13040626,1001.735363,0,0.17954333,0.150249698,1,0.127666667,0.719
Micropterus dolomieu,616,279,0.9342,762826.1742,0,2618.42782,0,0.24799011,0,1,0,1
Micropterus notius,618,280,3.2553,23506.9767,0,81.95020078,0,0.0011741,0.218373797,0.864984305,0.157,0.615
Micropterus punctulatus,619,281,0.891,10000000,0,2551.737156,0,0.06687289,0.130844101,1,0,1
Micropterus salmoides,621,282,0,10000000,0,2961.31564,0,0.13842105,0.132984588,1,0,1
Minytrema melanops,643,283,0.9459,306804.2499,0,763.432981,0,0.02006195,0.157261655,1,0,0.769
Morone americana,646,284,3.0447,67891.9527,0,571.1881701,0,0.0175,0.176287604,1,0,0.781666667
Morone chrysops,647,285,1.9458,10000000,0,2394.50988,0,0.07794401,0.137889935,1,0,0.781666667
Morone mississippiensis,649,286,7.3116,10000000,0,762.3368715,0,0.00576576,0.151327239,1,0.251,0.691
Morone saxatilis,650,287,1.3815,10000000,0,2197.20117,0,0.03678241,0.13944183,1,0.122666667,0.844666667
Moxostoma anisurum,651,288,0.9342,368922.879,33.38619387,1079.70365,0,0.04421033,0.127002763,1,0,0.781666667
Moxostoma breviceps,654,289,1.8882,244296.8892,116.8678553,1070.874324,0,0.01764596,0.152389393,0.867708942,0.106333333,0.781666667
Moxostoma carinatum,655,290,0.9009,762826.1742,0,1145.19195,0,0.0229839,0.157261655,1,0,0.745666667
Moxostoma cervinum,656,291,1.7559,16325.2683,25.0496973,758.6241201,0,0.092,0.184710325,0.882283136,0.146333333,0.802333333
Moxostoma collapsum,657,292,3.3489,16276.3803,18.14488996,847.9704611,0,0.04023214,0.184710325,1,0,0.713333333
Moxostoma congestum,658,293,50.9337,321142.0671,114.7930332,1488.570002,0,0.01015133,0.193868889,1,0.176,1
Moxostoma duquesnei,659,294,1.0116,29741.5458,90.914107,1340.073042,0,0.06320794,0,1,0.106333333,0.786333333
Moxostoma erythrurum,660,295,0.891,444031.4556,13.26612351,1816.058295,0,0.06320794,0,1,0,1
Moxostoma lachneri,663,296,9.6057,2687.6025,53.29552221,777.3040474,0,0.04023214,0.150249698,0.867341537,0,0.719
Moxostoma macrolepidotum,664,297,1.2663,2321043.046,13.26612351,2286.13036,0,0.13842105,0.127002763,1,0,0.837666667
Moxostoma pappillosum,665,298,8.6733,9020.5146,28.63881226,1197.404564,0,0.0898089,0.199440507,0.867730918,0.133666667,0.697333333
Moxostoma poecilurum,667,299,1.1214,58613.9319,22.42107656,590.6196378,0,0.02582381,0.163234999,1,0.125333333,0.769
Moxostoma robustum,668,300,2027.556,35263.6731,83.4332384,502.2487423,0,0.02569207,0.237178404,0.867702194,0.166333333,0.621333333
Moxostoma rupiscartes,669,301,1.7775,1031.0328,114.7245022,988.3122294,0,0.04023214,0.140112175,1,0.136666667,0.755333333
Moxostoma valenciennesi,674,302,5.2173,212214.3732,135.307459,505.3978369,0,0.02725714,0.159680267,1,0,0.696666667
Mugil cephalus,675,303,0.3483,10000000,0,1250.476261,0,0.01015133,0.13944183,1,0.122333333,0.747333333
Neogobius melanostomus,681,304,7.7769,16150.8393,94.96207528,351.9691995,0,0.00893114,0.180284935,1,0,0.611333333
Nocomis asper,682,305,12.4911,2528.6355,206.9776494,452.8752893,0,0.00995133,0.2077228,0.867575431,0.142333333,0.561666667
Nocomis biguttatus,683,306,0.9549,29842.1847,83.72750654,2404.13624,0,0.13842105,0,1,0,0.786
Nocomis effusus,684,307,0.8388,6255.045,163.4655719,492.4391566,0,0.0260741,0.163000893,0.876397508,0.196333333,0.753
Nocomis leptocephalus,685,308,0.3303,9799.7994,0,1240.571813,0,0.16457158,0.13443419,1,0,0.836
Nocomis micropogon,686,309,1.5606,64790.001,74.98185734,1406.014681,0,0.16704895,0.134012858,1,0,0.855
Nocomis platyrhynchus,687,310,8.8875,16558.0938,610.87956,1186.795357,0.0002881,0.04058206,0.226962086,0.823928034,0.313333333,0.673
Nocomis raneyi,688,311,1.7559,16859.655,11.76060873,758.6241201,0,0.092,0.184710325,0.882283136,0.133666667,0.802333333
Notemigonus crysoleucas,689,312,0.7092,369146.2599,0,2197.20117,0,0.13842105,0.132984588,1,0,1
Miniellus alborus,626,313,16.713,1805.1525,47.13401109,240.2288018,0,0.00795584,0.23060175,0.805920395,0.122333333,0.755333333
Notropis altipinnis,695,314,1.4004,609.6609,13.2321341,242.709725,0,0.01444494,0.1862503,0.867341537,0,0.676666667
Miniellus ammophilus,627,315,1.1466,2125.8594,48.62537882,179.6174186,0,0.00798946,0.21229175,0.788744095,0.257,0.765666667
Notropis amoenus,697,316,1.2411,69860.6613,0,752.8279991,0,0.02185365,0.15550592,0.890042261,0,1
Ericymba amplamala,252,317,3.5487,671.0967,66.01443776,574.8997441,0,0.02315789,0.13443419,0.865946856,0.166333333,0.764333333
Notropis ariommus,698,318,13.0041,7416.5868,196.2919591,776.5570257,0,0.01499545,0.168956929,0.876468175,0.2,0.739666667
Notropis asperifrons,699,319,1.5039,1437.0012,139.7678456,669.8661765,0,0.02766978,0.220953668,0.864949693,0.244666667,0.713333333
Notropis atherinoides,700,320,0.9009,10000000,0,1994.874436,0,0.13842105,0,1,0,0.848
Notropis atrocaudalis,701,321,1.2186,6992.5788,33.48633783,757.6952552,0,0.01925948,0.1556185,1,0.128,0.588
Notropis baileyi,702,322,0.9774,6603.9588,44.21763594,291.1462305,0,0.01918181,0.232371329,0.886509845,0.203333333,0.758666667
Notropis bairdi,703,323,4.2048,218865.9483,254.7750338,1439.954896,0,0.01294151,0.1822634,1,0.169333333,0.686
Notropis bifrenatus,704,324,2.394,3243.348,31.12742714,639.1528625,0,0.0183026,0.157283015,0.857480499,0.111666667,0.820333333
Notropis blennius,705,325,3.2229,10000000,126.7341083,1971.579892,0,0.02162926,0.135830423,1,0.101333333,0.708333333
Miniellus boops,629,326,1.1178,58113.0423,42.37779294,690.7739186,0,0.03173333,0.1427395,1,0.112666667,1
Ericymba buccata,253,327,1.4931,29147.1048,22.42107656,1078.087184,0,0.03918852,0.126159681,1,0,0.781666667
Notropis buchanani,708,328,3.2229,369780.9219,27.49439168,1291.702089,0,0.0175,0.155464124,1,0.176,1
Notropis chalybaeus,711,329,1.5084,5869.7001,13.19227686,241.629308,0,0.00479389,0.158188859,0.880048887,0.116333333,0.614
Notropis chiliticus,712,330,1.4436,357.0759,89.21908514,1165.314854,0,0.13986923,0.1862503,1,0.110333333,0.724666667
Notropis chlorocephalus,713,331,1.7775,520.6167,116.9537166,851.183809,0.00020505,0.05415363,0.201147429,1,0.145666667,0.772
Notropis chrosomus,714,332,3.123,247.7403,168.682407,776.0764901,0,0.02855413,0.257775871,0.88957868,0.127666667,0.715
Pteronotropis cummingsae,917,333,1.2411,8062.6383,0,275.865718,0,0.02315789,0.21841873,1,0,0.755333333
Ericymba dorsalis,254,334,0.9549,293317.8057,125.8405565,2380.447634,0,0.13842105,0,1,0,0.736
Notropis girardi,716,335,6.1479,72272.0196,254.7750338,1504.527852,0,0.00539924,0.2727367,0.8647307,0.346333333,0.585666667
Miniellus greenei,631,336,14.8365,4751.1981,206.9776494,508.4805162,0,0.00938512,0.1873782,0.896774963,0.232333333,0.557666667
Pteronotropis harperi,920,337,5.2272,23359.9689,35.10043185,146.0169037,0,0.00848734,0.243379982,0.744754805,0.148,0.663
Miniellus heterodon,632,338,4.131,23203.1979,61.62057497,519.7122034,0,0.0143,0.16176407,1,0,0.627
Notropis heterolepis,717,339,0.9342,166920.543,61.30704239,1286.968299,0,0.01821974,0.147898388,1,0,0.780666667
Notropis hudsonius,718,340,1.2411,454472.3241,0,1374.469765,0,0.092,0.134012858,1,0,1
Notropis hypsilepis,719,341,5.7087,439.8651,124.7951175,488.0603963,0,0.00819939,0.213017403,0.78307171,0.28,0.726666667
Notropis leuciodus,721,342,0.8388,7416.5868,170.0061572,1340.073042,0,0.16704895,0.164396976,1,0.184666667,0.788666667
Miniellus longirostris,633,343,2.3319,34742.6181,0,406.3872533,0,0.02179039,0.165309349,0.872632187,0,0.769
Notropis lutipinnis,722,344,1.8621,1403.4573,39.59954178,1028.471718,0,0.06779005,0.13443419,0.892714166,0.136666667,0.755333333
Notropis maculatus,723,345,2.4075,50533.6923,0,163.7373237,0,0.00732376,0.143951509,1,0.116,0.660666667
Notropis micropteryx,725,346,2.8674,11761.236,182.9213624,1081.505391,0,0.0260741,0.149053218,0.867708942,0.204666667,0.739666667
Miniellus nubilus,635,347,1.4391,4327.3395,156.1574195,607.2532393,0,0.06320794,0.147028627,0.896774963,0.148,1
Miniellus ortenburgeri,636,348,2.1276,3185.9199,155.7642428,463.3825094,0,0.01928742,0.1562051,0.8909221,0.208,0.351333333
Notropis percobromus,729,349,4.4181,1769827.13,165.1084926,997.0926597,0,0.00918276,0.147028627,0.886771636,0,0.636666667
Notropis petersoni,731,350,3.2553,50533.6923,0,326.7751298,0,0.00741513,0.209391638,1,0.110333333,0.755333333
Notropis photogenis,732,351,3.1617,50545.9737,172.7028199,1079.70365,0,0.0260741,0.144282787,1,0,0.781666667
Notropis potteri,733,352,7.5141,120200.4819,99.20183854,1414.706131,0,0.01015133,0.1824291,1,0.223666667,0.622333333
Miniellus procne,637,353,1.0386,69330.2148,0,1078.087184,0,0.24799011,0.149403262,1,0.102666667,1
Notropis rubellus,735,354,0.9342,61034.7447,61.30704239,1114.71887,0,0.16704895,0,1,0,0.856666667
Notropis rubricroceus,736,355,4.1283,1854.1971,228.4373988,1340.073042,0.00070548,0.04221491,0.204292902,0.883220228,0.146333333,0.735
Notropis scepticus,738,356,1.7775,5354.154,28.2957306,829.6034905,0,0.03725078,0.202774521,1,0,0.755333333
Notropis shumardi,740,357,7.5141,10000000,43.78879042,1036.071742,0,0.01015133,0.150596877,0.874885018,0.141333333,0.583666667
Notropis spectrunculus,744,358,9.8442,3450.1419,518.8198756,1201.843632,0,0.02550837,0.199552392,0.872535557,0.171333333,0.705333333
Notropis stilbius,745,359,1.5039,5556.6306,119.977972,648.1162711,0,0.02766978,0.220953668,1,0.127666667,0.754333333
Miniellus stramineus,640,360,1.3131,681629.9913,79.65881869,2618.42782,0,0.05552214,0,1,0,0.871
Notropis telescopus,747,361,1.0116,21430.4022,77.47719094,1189.091539,0,0.16704895,0.149053218,1,0.188,1
Notropis texanus,748,362,0.9009,172313.6409,0,600.0754882,0,0.02179039,0.158188859,1,0,0.765666667
Notropis volucellus,749,363,0.5067,10000000,0,1413.126444,0,0.05740768,0,1,0,1
Notropis wickliffi,750,364,3.6288,10000000,60.67671505,1072.03142,0,0.0175,0.150596877,0.867708942,0.139,0.739666667
Notropis xaenocephalus,751,365,1.7874,349.0884,178.8331086,723.1349833,0,0.02855413,0.301051201,1,0.125,0.691
Noturus albater,752,366,1.4553,4327.3395,152.485899,607.2532393,0,0.06320794,0.147028627,0.896774963,0.189333333,0.711333333
Noturus elegans,755,367,13.0041,6563.9178,215.6876742,336.5304551,0,0.006127,0.235952657,0.867844458,0.322666667,0.71
Noturus eleutherus,756,368,1.1214,12582.3717,42.37779294,1002.014864,0,0.00694958,0.192885717,0.867708942,0.106333333,0.781666667
Noturus exilis,757,369,1.4391,32340.9546,85.69050663,690.7739186,0,0.06320794,0.139224837,1,0.128333333,1
Noturus flavus,761,370,0.8361,10000000,119.5224834,2605.056553,0,0.0498913,0.130323667,1,0,0.871
Noturus funebris,762,371,0.9774,10817.1351,34.19977236,384.7021781,0,0.01887774,0.159541443,0.878453048,0.145333333,0.758666667
Noturus gyrinus,766,372,0.9009,168046.6239,0,1537.41902,0,0.04243386,0.147292442,1,0,0.891333333
Noturus insignis,768,373,1.2411,29088.9198,0,1069.443782,0,0.06793181,0.15550592,1,0,0.868666667
Noturus leptacanthus,770,374,1.8558,2313383.8,0,693.2983108,0,0.02582381,0.165309349,1,0.108666667,0.769
Noturus miurus,772,375,1.1214,6563.9178,42.37779294,467.5121635,0,0.02125895,0.144282787,0.896734962,0,0.736
Noturus nocturnus,774,376,0.9009,10000000,27.92388559,698.5038732,0,0.0252188,0.150596877,1,0.108333333,0.734
Noturus phaeus,775,377,0.8703,5221.9917,16.60549602,203.3119481,0,0.01111111,0.159778615,0.882259733,0.122,0.736333333
Oncorhynchus clarkii,785,378,2.0223,27248.0265,48.66530636,6000,0,1,0.135022832,1,0.200666667,1
Oncorhynchus clarkii behnkei,787,379,2.0223,23285.5416,1601.26499,3322.773518,0,1,0.159835305,1,0.153,0.824
Oncorhynchus clarkii bouvieri,788,380,2.0223,20414.4597,1681.749726,3322.773518,0,1,0.151890544,1,0.200666667,0.801333333
Oncorhynchus clarkii pleuriticus,794,381,2.0403,757.431,2231.583509,3367.835474,0,0.07144258,0.263600234,0.884366096,0.336666667,0.769
Oncorhynchus clarkii utah,799,382,3.0978,23285.5416,1358.064075,2944.293068,0,0.06026769,0.187118035,1,0.241,0.651
Oncorhynchus kisutch,805,383,0.9144,231028.6815,48.66530636,1606.532153,0,0.10652362,0.135022832,1,0.107333333,0.895
Oncorhynchus mykiss,806,384,0,343942.5519,0,6000,0,0.35940594,0.130447401,1,0,1
Oncorhynchus tshawytscha,817,385,2.1195,521568.6786,48.66530636,1621.058949,0,0.15070023,0.158487899,1,0.126,0.827666667
Opsopoeodus emiliae,818,386,0.9009,2325888.885,0,690.2152135,0,0.01466896,0.149481991,0.8896294,0.116,0.816333333
Perca flavescens,832,387,0.8505,454472.3241,0,2872.634644,0,0.13842105,0.121904356,1,0,1
Percina aurantiaca,835,388,2.8179,7416.5868,406.8985979,1070.725794,0,0.01821428,0.230723182,0.876468175,0.289666667,0.745666667
Percina caprodes,843,389,0.891,10000000,13.70140176,1161.472272,0,0.13842105,0.137395208,1,0,0.781666667
Percina copelandi,845,390,0.9342,137007.3816,42.37779294,1161.472272,0,0.0260741,0.145572201,0.8962859,0.109333333,0.781666667
Percina crassa,846,391,2.1159,1031.0328,35.53205892,847.9704611,0,0.03725078,0.1862503,0.867521403,0,0.755333333
Percina evides,849,392,2.4318,15722.5176,240.2716664,1201.843632,0,0.16704895,0.149451167,0.876468175,0.169333333,0.781666667
Percina kathae,853,393,4.788,5535.5931,85.45051688,723.1349833,0,0.02582381,0.190155025,0.89861756,0.127666667,0.754333333
Percina macrocephala,856,394,3.3399,29090.2851,223.7534926,803.5679414,0,0.03783466,0.23360935,1,0.295666667,0.681333333
Percina macrolepida,857,395,26.6265,120088.4418,0,1521.91387,0,0.00609674,0.1946665,1,0.108333333,1
Percina maculata,858,396,0.9009,50551.2891,29.05314685,846.2209475,0,0.04236111,0,1,0,0.753
Percina nevisense,860,397,6.3954,1897.2963,14.18371041,387.3472251,0,0.00566969,0.184710325,0.774121288,0,0.683666667
Percina nigrofasciata,861,398,1.5039,50533.6923,15.59598551,734.2185177,0,0.02766978,0.150249698,1,0.102,0.769
Percina notogramma,862,399,0.3303,7941.3633,0,780.7983298,0,0.00954901,0.253026776,0.890042261,0.200333333,0.867333333
Percina palmaris,864,400,7.3755,1241.5104,146.9392726,723.1349833,0,0.02706702,0.315467382,1,0.127666667,0.691
Percina peltata,866,401,1.7559,61034.7447,26.78469523,780.7983298,0,0.092,0.149403262,1,0.103666667,0.899
Percina phoxocephala,867,402,4.0419,244296.8892,126.6978264,1459.894278,0,0.01044634,0.139224837,1,0.106333333,0.715
Percina roanoka,869,403,1.7559,16558.0938,20.85844205,936.2939496,0,0.092,0.184710325,0.882283136,0.171333333,0.802333333
Percina sciera,870,404,0.9009,10000000,29.05314685,910.5302882,0,0.0260741,0.145572201,1,0,0.891333333
Percina shumardi,871,405,0.9009,10000000,24.28028053,1036.071742,0,0.01873191,0.137889935,1,0.176,1
Percina stictogaster,875,406,2.5902,1153.1745,223.7534926,447.0612519,0,0.04236111,0.157654791,0.622941261,0.149333333,0.706
Percina vigil,879,407,0.8388,17363.7297,20.6565883,247.5968747,0,0.02033939,0.183118615,0.87137272,0,0.739666667
Percopsis omiscomaycus,881,408,3.0582,50025.5829,198.0193962,643.8730872,0,0.02577319,0.165587615,1,0,0.727333333
Petromyzon marinus,884,409,1.4958,21513.0897,14.73555504,712.2011563,0,0.05662962,0.16278318,1,0,0.868666667
Phenacobius catostomus,885,410,15.1884,5474.7648,162.0363479,669.8661765,0,0.02582381,0.267160746,1,0.145333333,0.691
Phenacobius crassilabrum,886,411,2.4318,2085.8472,365.5758138,1161.835127,0,0.16704895,0.201872814,0.870590129,0.262666667,0.725
Phenacobius mirabilis,887,412,0.9549,280984.4982,64.0261594,2130.679295,0,0.03182467,0.130844101,1,0,0.781666667
Phenacobius uranops,889,413,9.7785,7416.5868,200.7612085,962.1076972,0,0.00865096,0.242971014,0.876468175,0.253666667,0.693333333
Pimephales notatus,890,414,0,2421454.072,34.9867863,1793.694259,0,0.24799011,0,1,0,1
Pimephales promelas,891,415,0,1281661.519,0,3032.280865,0,0.08593966,0.108368941,1,0,1
Pimephales vigilax,893,416,0.9009,10000000,0,2174.310741,0,0.03122578,0.150596877,1,0.101333333,1
Platygobio gracilis,895,417,4.0203,226742.5017,341.5882823,2689.837999,0,0.02328784,0.1643403,1,0.187,0.871
Poecilia latipinna,897,418,3.2553,10000000,0,865.3360694,0,0.00865962,0.188736729,1,0.151,1
Pomoxis annularis,907,419,0.9009,10000000,0,2678.093335,0,0.06320794,0.137889935,1,0.101333333,0.844666667
Pomoxis nigromaculatus,908,420,0.8793,10000000,0,2678.093335,0,0.13842105,0.127002763,1,0,1
Prosopium williamsoni,915,421,0,64760.6007,372.2128495,3379.751131,0,0.29059701,0.136377013,1,0.153,1
Pteronotropis grandipinnis,919,422,7.1856,1248.5187,56.62100267,203.6390537,0,0.00838842,0.180490722,0.728470394,0.197666667,0.764333333
Pteronotropis hypselopterus,922,423,4.3902,23062.0707,21.19043274,442.7103209,0,0.00887137,0.165309349,0.886509845,0.145333333,0.769
Pteronotropis merlini,923,424,2.3319,310.1481,57.77816566,147.0837732,0.00011432,0.01085133,0.225150116,0.759326433,0.108666667,0.625333333
Pteronotropis signipinnis,925,425,0.9774,10817.1351,22.66500544,99.28858583,0,0.01504593,0.27928996,0.890853812,0.239333333,0.753
Pteronotropis stonei,926,426,11.2122,1391.0841,51.06818504,158.2000287,0,0.00594813,0.270766036,0.870336261,0.189333333,0.488666667
Ptychocheilus grandis,933,427,67.3101,48195.1458,0,2551.737156,0,0.0223631,0.182318357,1,0.55,0.85
Ptychocheilus oregonensis,935,428,0,612070.6671,66.96896054,2202.675743,0,0.03050836,0.191614679,0.890514799,0.184666667,1
Pylodictis olivaris,938,429,0.3483,10000000,0,2174.310741,0,0.092,0.131060261,1,0,1
Rhinichthys atratulus,940,430,0.3303,61034.7447,0,3032.280865,0,0.24799011,0.109973263,1,0,0.884666667
Rhinichthys cataractae,941,431,0,177170.6169,0,6000,0,0.24799011,0.121904356,1,0,1
Rhinichthys obtusus,948,432,0.6309,15722.5176,115.9415452,1383.454442,0,0.17165318,0.119208748,1,0,0.799333333
Rhinichthys osculus,949,433,1.2105,96191.1837,50.65922717,3174.043927,0,0.07813881,0.139110693,1,0.184666667,1
Richardsonius balteatus,955,434,0,62321.4729,50.65922717,2955.646787,0,0.06850905,0.194966255,1,0.136666667,1
Salmo salar,961,435,5.0004,14535.5958,67.19128316,915.644322,0,0.07211326,0.155800968,0.892926454,0.220333333,0.820333333
Salmo trutta,963,436,0,454472.3241,0,6000,0,1,0.109973263,1,0,1
Salvelinus fontinalis,969,437,0.4608,22599.2439,25.71098389,6000,0,1,0.119208748,1,0,1
Salvelinus namaycush,972,438,3.2409,18676.8117,168.8157245,3155.266649,0,0.06877539,0.196950158,0.891157589,0.200666667,0.634666667
Sander canadensis,973,439,1.2663,10000000,71.94389079,2594.159445,0,0.06377952,0.131060261,1,0.106333333,0.708333333
Sander vitreus,975,440,0.9342,2301064.879,26.06919005,2678.538916,0,0.07417811,0,1,0,0.856666667
Scaphirhynchus platorynchus,979,441,2.2383,10000000,214.5329538,1979.783456,0,0.03859431,0.162196182,0.867825724,0.101333333,0.666
Semotilus atromaculatus,982,442,0,177170.6169,0,2961.31564,0,0.20083333,0,1,0,1
Semotilus corporalis,983,443,0,61034.7447,0,988.8540297,0,0.13195266,0.134012858,1,0,1
Semotilus thoreauianus,985,444,3.4047,10817.1351,38.98713851,365.3337855,0,0.02208048,0.21928065,0.867954744,0.126,0.764333333
Strongylura marina,998,445,3.2553,10000000,0,1260.653609,0,0.00200706,0.266854426,0.876211352,0.137333333,0.780333333
Thoburnia rhothoeca,1003,446,0.3303,7941.3633,0,988.8540297,0,0.09744397,0.216393422,1,0.103,0.836
Trinectes maculatus,1009,447,0.3483,58613.9319,0,547.9014159,0,0.02179039,0.216067067,0.895660176,0.152333333,0.747333333
Umbra limi,1012,448,0.828,29842.1847,46.36186432,889.2558895,0,0.05912087,0.121106712,1,0,0.834333333
Umbra pygmaea,1013,449,0.5562,4839.4953,0,589.1768423,0,0.11433483,0.152450601,1,0,0.765
